ISO-10303-21;
HEADER;
FILE_DESCRIPTION(('ViewDefinition [ReferenceView_V1.2]'),'2;1');
FILE_NAME('Building-Hvac.ifc','2026-06-23T11:53:44',(''),(''),'Sketchup-IFC-manager 5.6.0 / SketchUp 2026 (26.2.242)','BIM_Tools - Sketchup_IFC_manager - 5.6.0','None');
FILE_SCHEMA(('IFC4'));
ENDSEC;
DATA;
#1=IFCOWNERHISTORY(#2,#5,$,.ADDED.,1782208424,#2,#5,1782208424);
#2=IFCPERSONANDORGANIZATION(#3,#4,$);
#3=IFCPERSON('3720f2e9-0107-4ce6-b699-e20d9bd03331','Jan B.',$,$,$,$,$,$);
#4=IFCORGANIZATION($,'buildingSMART International','buildingSMART is the worldwide industry body driving the digital transformation of the built environment.',$,$);
#5=IFCAPPLICATION(#6,'5.6.0','IFC manager for sketchup','su_ifcmanager');
#6=IFCORGANIZATION($,'BIM-Tools',$,$,$);
#7=IFCAXIS2PLACEMENT3D(#8,#9,#10);
#8=IFCCARTESIANPOINT((0.,0.,0.));
#9=IFCDIRECTION((0.,0.,1.));
#10=IFCDIRECTION((1.,0.,0.));
#11=IFCGEOMETRICREPRESENTATIONCONTEXT($,'Model',3,0.001,#7,$);
#12=IFCGEOMETRICREPRESENTATIONSUBCONTEXT('Body','Model',*,*,*,*,#11,$,.MODEL_VIEW.,$);
#13=IFCPROJECT('2Ndyd$OSX7s9A04nc4lyye',#1,'ifc silly sample scene - project','Demystifying IFC with a playful scene using diverse building elements and compositions.',$,$,$,(#11),#14);
#14=IFCUNITASSIGNMENT((#15,#16,#17));
#15=IFCSIUNIT(*,.LENGTHUNIT.,.MILLI.,.METRE.);
#16=IFCSIUNIT(*,.AREAUNIT.,$,.SQUARE_METRE.);
#17=IFCSIUNIT(*,.VOLUMEUNIT.,$,.CUBIC_METRE.);
#18=IFCPROJECTEDCRS('EPSG:32760','EPSG:32760 - WGS 84 / UTM zone 60S','WGS 84',$,$,$,#19);
#19=IFCSIUNIT(*,.LENGTHUNIT.,$,.METRE.);
#20=IFCMAPCONVERSION(#11,#18,729013.3488297004,9063992.684697364,1.3000000000000018,0.4999999999999999,0.8660254037844387,0.001);
#21=IFCSITE('23sFQGRy90RxVbRHD9iSE2',#1,'environment - site','A sample scene environment, showcasing the surrounding landscape.',$,#23,$,$,.COMPLEX.,$,$,0.,$,$);
#22=IFCRELAGGREGATES('0xU4rrHvv1TB26eqbzCvGj',#1,'ifc silly sample scene - project container',$,#13,(#21));
#23=IFCLOCALPLACEMENT($,#24);
#24=IFCAXIS2PLACEMENT3D(#25,#26,#27);
#25=IFCCARTESIANPOINT((-28841.016,-14200.,-1300.));
#26=IFCDIRECTION((0.,0.,1.));
#27=IFCDIRECTION((0.4999999999999999,-0.8660254037844387,0.));
#28=IFCSITE('1Pbuu0tu59NfhrTsztVBK1',#1,'house - site','Smoke curls from a friendly chimney, promising warmth within this idyllic hilltop house.',$,#30,$,$,.PARTIAL.,$,$,0.,$,$);
#29=IFCRELAGGREGATES('2X5UKnc59A8xhk2N8Wj$aB',#1,'environment - site container',$,#21,(#28));
#30=IFCLOCALPLACEMENT(#23,#31);
#31=IFCAXIS2PLACEMENT3D(#32,#33,#34);
#32=IFCCARTESIANPOINT((0.,40000.,0.));
#33=IFCDIRECTION((0.,0.,1.));
#34=IFCDIRECTION((0.4999999999999999,0.8660254037844387,0.));
#35=IFCBUILDING('0c$N1CTon2BB2Sp89385G8',#1,'Single-family house','The main building structure, providing shelter and space.','house',#40,$,'house - building',.ELEMENT.,$,$,$);
#36=IFCCLASSIFICATION('Molio','1.0','2023-01-23','CCI Construction',$,'https://identifier.buildingsmart.org/uri/molio/cciconstruction/1.0',$);
#37=IFCCLASSIFICATIONREFERENCE('https://identifier.buildingsmart.org/uri/molio/cciconstruction/1.0/class/E-AAA','E-AAA','Single-family house',#36,$,$);
#38=IFCRELASSOCIATESCLASSIFICATION('3TlC6xeDP0uhRrs9WxVfPe',#1,'CCI Construction Classification',$,(#35),#37);
#39=IFCRELAGGREGATES('3igAl8ryv9iBngGww8eVQv',#1,'house - site container',$,#28,(#35));
#40=IFCLOCALPLACEMENT(#30,#41);
#41=IFCAXIS2PLACEMENT3D(#42,#43,#44);
#42=IFCCARTESIANPOINT((-2800.,-2800.,1300.));
#43=IFCDIRECTION((0.,0.,1.));
#44=IFCDIRECTION((1.,0.,0.));
#45=IFCBUILDINGSTOREY('1Ano2ZUxnEIvVQ_beukl8b',#1,'00 groundfloor','The ground floor, forming the base level of the building.','buildingstorey',#47,$,$,.ELEMENT.,0.);
#46=IFCRELAGGREGATES('0fc9YeRV55oOJJevoridOq',#1,'Single-family house container',$,#35,(#45));
#47=IFCLOCALPLACEMENT(#40,#7);
#48=IFCCHIMNEYTYPE('2vWR$XNSf2qhsAEJMXcZLU',#1,'house - chimney','A chimney, standing tall and proud, guiding smoke away from the home.',$,$,$,'884350','flue',.USERDEFINED.);
#49=IFCRELDEFINESBYTYPE('22pEICzjP0uQNvM7rXMZ6g',#1,$,$,(#50),#48);
#50=IFCCHIMNEY('3Fbgsvr8nAYfGs9y5keub0',#1,'house - chimney','A chimney, standing tall and proud, guiding smoke away from the home.','flue',#54,$,'454425.1027891.979946.932083.2023772',$);
#51=IFCRELASSOCIATESMATERIAL('0sAYN8OJzFKu1rNoJBdSki',#1,$,$,(#50),#52);
#52=IFCMATERIAL('stone_sand-lime',$,$);
#53=IFCRELCONTAINEDINSPATIALSTRUCTURE('3h3GnIQoTABQuR4R5PmNHL',#1,$,$,(#50,#63,#81,#99),#45);
#54=IFCLOCALPLACEMENT(#47,#55);
#55=IFCAXIS2PLACEMENT3D(#56,#57,#58);
#56=IFCCARTESIANPOINT((4700.,5300.,0.));
#57=IFCDIRECTION((0.,0.,1.));
#58=IFCDIRECTION((-1.3173934614068503E-15,-1.,0.));
#59=IFCDISTRIBUTIONSYSTEM('2jrWSvrRvERBuat2Z0kgJ9',#1,'house - chimney flue','A vital passage, guiding smoke safely out of the home.','exhaust',$,.EXHAUST.);
#60=IFCRELASSIGNSTOGROUP('3E2d0RV4D1fgWu6kq4yI0n',#1,$,$,(#63,#81,#99),$,#59);
#61=IFCAIRTERMINALTYPE('1bDUqBVpL3VQZuBK3au6xC',#1,'chimney cover','A sturdy cover, protecting the chimney from the elements.',$,$,$,'879611','chimney cover',.USERDEFINED.);
#62=IFCRELDEFINESBYTYPE('2I6m1hqnjCO8dYsE3Kdvzc',#1,$,$,(#63),#61);
#63=IFCAIRTERMINAL('23uPJWDfXEcwHH3kdFgV9c',#1,'chimney cover','A sturdy cover, protecting the chimney from the elements.','chimney cover',#66,#78,'454425.1027891.979946.932083.2023772.884510.880033',$);
#64=IFCRELASSOCIATESMATERIAL('2EzoC_HWT1he$0WII134uQ',#1,$,$,(#63),#65);
#65=IFCMATERIAL('metal_steel_generic_coated-anthracitegrey',$,$);
#66=IFCLOCALPLACEMENT(#47,#67);
#67=IFCAXIS2PLACEMENT3D(#68,#69,#70);
#68=IFCCARTESIANPOINT((4700.,5300.,4700.));
#69=IFCDIRECTION((0.,0.,1.));
#70=IFCDIRECTION((-1.3173934614068503E-15,-1.,0.));
#71=IFCSHAPEREPRESENTATION(#12,'Body','Tessellation',(#72));
#72=IFCTRIANGULATEDFACESET(#73,((-1.,-1.3622527930331977E-16,1.4168628624703642E-32),(-1.,-1.3622527930331977E-16,1.4168628624703642E-32),(-1.,-1.3622527930331977E-16,1.4168628624703642E-32),(-1.,-1.3622527930331977E-16,1.4168628624703642E-32),(-1.,-1.3622527930331977E-16,1.4168628624703642E-32),(-1.,-1.3622527930331977E-16,1.4168628624703642E-32),(-1.,-1.3622527930331977E-16,1.4168628624703642E-32),(-1.,-1.3622527930331977E-16,1.4168628624703642E-32),(4.163336342344337E-16,-1.,0.),(4.163336342344337E-16,-1.,0.),(4.163336342344337E-16,-1.,0.),(4.163336342344337E-16,-1.,0.),(4.163336342344337E-16,-1.,0.),(4.163336342344337E-16,-1.,0.),(4.163336342344337E-16,-1.,0.),(4.163336342344337E-16,-1.,0.),(0.,0.,1.),(0.,0.,1.),(0.,0.,1.),(0.,0.,1.),(0.,1.,0.),(0.,1.,0.),(0.,1.,0.),(0.,1.,0.),(0.,1.,0.),(0.,1.,0.),(0.,1.,0.),(0.,1.,0.),(1.,1.3622527930331977E-16,0.),(1.,1.3622527930331977E-16,0.),(1.,1.3622527930331977E-16,0.),(1.,1.3622527930331977E-16,0.),(1.,1.3622527930331977E-16,0.),(1.,1.3622527930331977E-16,0.),(1.,1.3622527930331977E-16,0.),(1.,1.3622527930331977E-16,0.),(0.,0.,-1.),(0.,0.,-1.),(0.,0.,-1.),(0.,0.,-1.),(0.,0.,-1.),(0.,0.,-1.),(0.,0.,-1.),(0.,0.,-1.),(0.,0.,-1.),(0.,0.,-1.),(0.,0.,-1.),(0.,0.,-1.),(0.,0.,-1.),(0.,0.,-1.),(0.,0.,-1.),(0.,0.,-1.),(1.,0.,0.),(1.,0.,0.),(1.,0.,0.),(1.,0.,0.),(0.,-1.,0.),(0.,-1.,0.),(0.,-1.,0.),(0.,-1.,0.),(0.,0.,-1.),(0.,0.,-1.),(0.,0.,-1.),(0.,0.,-1.),(-4.163336342344337E-16,1.,0.),(-4.163336342344337E-16,1.,0.),(-4.163336342344337E-16,1.,0.),(-4.163336342344337E-16,1.,0.),(1.,4.163336342344337E-16,0.),(1.,4.163336342344337E-16,0.),(1.,4.163336342344337E-16,0.),(1.,4.163336342344337E-16,0.),(0.,0.,-1.),(0.,0.,-1.),(0.,0.,-1.),(0.,0.,-1.),(-1.,-4.163336342344337E-16,0.),(-1.,-4.163336342344337E-16,0.),(-1.,-4.163336342344337E-16,0.),(-1.,-4.163336342344337E-16,0.),(-4.163336342344337E-16,1.,0.),(-4.163336342344337E-16,1.,0.),(-4.163336342344337E-16,1.,0.),(-4.163336342344337E-16,1.,0.),(0.,0.,-1.),(0.,0.,-1.),(0.,0.,-1.),(0.,0.,-1.),(0.,-1.,0.),(0.,-1.,0.),(0.,-1.,0.),(0.,-1.,0.),(-1.,0.,0.),(-1.,0.,0.),(-1.,0.,0.),(-1.,0.,0.)),$,((1,2,3),(2,1,4),(2,4,5),(5,4,6),(6,4,7),(8,3,2),(9,10,11),(10,9,12),(12,9,13),(13,14,15),(14,13,16),(16,13,9),(17,18,19),(18,17,20),(21,22,23),(22,21,24),(24,21,25),(25,26,27),(26,25,28),(28,25,21),(29,30,31),(32,33,34),(33,32,35),(33,35,36),(36,35,30),(36,30,29),(37,38,39),(38,37,40),(41,42,43),(42,41,44),(44,41,45),(45,41,39),(45,39,46),(46,39,38),(42,47,48),(47,42,44),(49,50,51),(50,49,52),(53,54,55),(54,53,56),(57,58,59),(58,57,60),(61,62,63),(62,61,64),(65,66,67),(66,65,68),(69,70,71),(70,69,72),(73,74,75),(74,73,76),(77,78,79),(78,77,80),(81,82,83),(82,81,84),(85,86,87),(86,85,88),(89,90,91),(90,89,92),(93,94,95),(94,93,96)),$);
#73=IFCCARTESIANPOINTLIST3D(((0.,0.,150.),(0.,40.,140.),(0.,0.,0.),(0.,700.,150.),(0.,660.,140.),(0.,660.,0.),(0.,700.,0.),(0.,40.,0.),(700.,0.,150.),(660.,0.,0.),(700.,0.,0.),(660.,0.,140.),(40.,0.,140.),(0.,0.,0.),(40.,0.,0.),(0.,0.,150.),(0.,0.,150.),(700.,700.,150.),(0.,700.,150.),(700.,0.,150.),(0.,700.,150.),(40.,700.,0.),(0.,700.,0.),(40.,700.,140.),(660.,700.,140.),(700.,700.,0.),(660.,700.,0.),(700.,700.,150.),(700.,700.,0.),(700.,660.,140.),(700.,660.,0.),(700.,40.,0.),(700.,0.,150.),(700.,0.,0.),(700.,40.,140.),(700.,700.,150.),(700.,660.,140.),(660.,40.,140.),(660.,660.,140.),(700.,40.,140.),(660.,700.,140.),(40.,660.,140.),(40.,700.,140.),(40.,40.,140.),(40.,0.,140.),(660.,0.,140.),(0.,40.,140.),(0.,660.,140.),(40.,700.,0.),(0.,660.,0.),(0.,700.,0.),(40.,660.,0.),(40.,700.,0.),(40.,660.,140.),(40.,660.,0.),(40.,700.,140.),(40.,660.,140.),(0.,660.,0.),(40.,660.,0.),(0.,660.,140.),(40.,40.,0.),(0.,0.,0.),(0.,40.,0.),(40.,0.,0.),(0.,40.,140.),(40.,40.,0.),(0.,40.,0.),(40.,40.,140.),(40.,40.,0.),(40.,0.,140.),(40.,0.,0.),(40.,40.,140.),(700.,40.,0.),(660.,0.,0.),(660.,40.,0.),(700.,0.,0.),(660.,40.,140.),(660.,0.,0.),(660.,0.,140.),(660.,40.,0.),(660.,40.,140.),(700.,40.,0.),(660.,40.,0.),(700.,40.,140.),(700.,700.,0.),(660.,660.,0.),(660.,700.,0.),(700.,660.,0.),(700.,660.,140.),(660.,660.,0.),(700.,660.,0.),(660.,660.,140.),(660.,700.,140.),(660.,660.,0.),(660.,660.,140.),(660.,700.,0.)));
#74=IFCSTYLEDITEM(#72,(#77),$);
#75=IFCSURFACESTYLERENDERING(#76,0.,$,$,$,$,$,$,.NOTDEFINED.);
#76=IFCCOLOURRGB($,0.1607843137254902,0.19215686274509805,0.2);
#77=IFCSURFACESTYLE('metal_steel_generic_coated-anthracitegrey',.BOTH.,(#75));
#78=IFCPRODUCTDEFINITIONSHAPE($,$,(#71));
#79=IFCDUCTSEGMENTTYPE('2WCxplvXT9YQLTEACI3Wln',#1,'building element',$,$,$,$,'879710','rigidsegment',.RIGIDSEGMENT.);
#80=IFCRELDEFINESBYTYPE('0Bvyw_PSn0kgiXoOixqE3u',#1,$,$,(#81),#79);
#81=IFCDUCTSEGMENT('38WbwIGD90nB_3T2BTU5Ed',#1,'building element',$,'rigidsegment',#84,#96,'454425.1027891.979946.932083.2023772.884510.880032',$);
#82=IFCRELASSOCIATESMATERIAL('0h96c29SfAxQbCDOLFZN7y',#1,$,$,(#81),#83);
#83=IFCMATERIAL('metal_steel-galvanized',$,$);
#84=IFCLOCALPLACEMENT(#47,#85);
#85=IFCAXIS2PLACEMENT3D(#86,#87,#88);
#86=IFCCARTESIANPOINT((4900.,4950.,900.));
#87=IFCDIRECTION((0.,0.,1.));
#88=IFCDIRECTION((-1.3173934614068503E-15,-1.,0.));
#89=IFCSHAPEREPRESENTATION(#12,'Body','Tessellation',(#90));
#90=IFCTRIANGULATEDFACESET(#91,((0.,0.,-1.),(0.,0.,-1.),(0.,0.,-1.),(0.,0.,-1.),(0.,0.,-1.),(0.,0.,-1.),(0.,0.,-1.),(0.,0.,-1.),(0.,0.,-1.),(0.,0.,-1.),(0.,0.,-1.),(0.,0.,-1.),(0.,0.,-1.),(0.,0.,-1.),(0.,0.,-1.),(0.,0.,-1.),(0.,0.,-1.),(0.,0.,-1.),(0.,0.,-1.),(0.,0.,-1.),(0.,0.,-1.),(0.,0.,-1.),(0.,0.,-1.),(0.,0.,-1.),(0.,0.,1.),(0.,0.,1.),(0.,0.,1.),(0.,0.,1.),(0.,0.,1.),(0.,0.,1.),(0.,0.,1.),(0.,0.,1.),(0.,0.,1.),(0.,0.,1.),(0.,0.,1.),(0.,0.,1.),(0.,0.,1.),(0.,0.,1.),(0.,0.,1.),(0.,0.,1.),(0.,0.,1.),(0.,0.,1.),(0.,0.,1.),(0.,0.,1.),(0.,0.,1.),(0.,0.,1.),(0.,0.,1.),(0.,0.,1.),(-1.,-9.14653472836377E-16,0.),(-0.8660254037844398,-0.49999999999999806,0.),(-0.8660254037844398,-0.49999999999999806,0.),(-1.,-9.14653472836377E-16,0.),(-0.8660254037844398,-0.49999999999999806,0.),(-0.5000000000000014,-0.8660254037844378,0.),(-0.5000000000000014,-0.8660254037844378,0.),(-0.8660254037844398,-0.49999999999999806,0.),(0.,-1.,0.),(-0.5000000000000014,-0.8660254037844378,0.),(0.,-1.,0.),(-0.5000000000000014,-0.8660254037844378,0.),(0.49999999999999933,-0.866025403784439,0.),(0.,-1.,0.),(0.49999999999999933,-0.866025403784439,0.),(0.,-1.,0.),(0.866025403784439,-0.49999999999999933,0.),(0.49999999999999933,-0.866025403784439,0.),(0.49999999999999933,-0.866025403784439,0.),(0.866025403784439,-0.49999999999999933,0.),(1.,9.14653472836377E-16,0.),(0.866025403784439,-0.49999999999999933,0.),(0.866025403784439,-0.49999999999999933,0.),(1.,9.14653472836377E-16,0.),(0.8660254037844398,0.49999999999999806,0.),(1.,9.14653472836377E-16,0.),(1.,9.14653472836377E-16,0.),(0.8660254037844398,0.49999999999999806,0.),(0.5000000000000014,0.8660254037844378,0.),(0.8660254037844398,0.49999999999999806,0.),(0.8660254037844398,0.49999999999999806,0.),(0.5000000000000014,0.8660254037844378,0.),(-9.14653472836377E-16,1.,0.),(0.5000000000000014,0.8660254037844378,0.),(-9.14653472836377E-16,1.,0.),(0.5000000000000014,0.8660254037844378,0.),(-0.49999999999999806,0.8660254037844398,0.),(-9.14653472836377E-16,1.,0.),(-0.49999999999999806,0.8660254037844398,0.),(-9.14653472836377E-16,1.,0.),(-0.8660254037844378,0.5000000000000014,0.),(-0.49999999999999806,0.8660254037844398,0.),(-0.8660254037844378,0.5000000000000014,0.),(-0.49999999999999806,0.8660254037844398,0.),(-0.8660254037844378,0.5000000000000014,0.),(-1.,-9.14653472836377E-16,0.),(-1.,-9.14653472836377E-16,0.),(-0.8660254037844378,0.5000000000000014,0.),(-1.,0.,0.),(-0.8660254037844403,0.49999999999999734,0.),(-0.8660254037844403,0.49999999999999734,0.),(-1.,0.,0.),(-0.8660254037844403,0.49999999999999734,0.),(-0.5000000000000012,0.8660254037844379,0.),(-0.5000000000000012,0.8660254037844379,0.),(-0.8660254037844403,0.49999999999999734,0.),(1.024411889576742E-15,1.,0.),(-0.5000000000000012,0.8660254037844379,0.),(1.024411889576742E-15,1.,0.),(-0.5000000000000012,0.8660254037844379,0.),(0.5000000000000021,0.8660254037844375,0.),(1.024411889576742E-15,1.,0.),(0.5000000000000021,0.8660254037844375,0.),(1.024411889576742E-15,1.,0.),(0.8660254037844403,0.49999999999999734,0.),(0.5000000000000021,0.8660254037844375,0.),(0.5000000000000021,0.8660254037844375,0.),(0.8660254037844403,0.49999999999999734,0.),(1.,0.,0.),(0.8660254037844403,0.49999999999999734,0.),(0.8660254037844403,0.49999999999999734,0.),(1.,0.,0.),(0.8660254037844403,-0.49999999999999734,0.),(1.,0.,0.),(1.,0.,0.),(0.8660254037844403,-0.49999999999999734,0.),(0.5000000000000021,-0.8660254037844375,0.),(0.8660254037844403,-0.49999999999999734,0.),(0.8660254037844403,-0.49999999999999734,0.),(0.5000000000000021,-0.8660254037844375,0.),(0.,-1.,0.),(0.5000000000000021,-0.8660254037844375,0.),(0.,-1.,0.),(0.5000000000000021,-0.8660254037844375,0.),(-0.4999999999999998,-0.8660254037844389,0.),(0.,-1.,0.),(-0.4999999999999998,-0.8660254037844389,0.),(0.,-1.,0.),(-0.4999999999999998,-0.8660254037844389,0.),(-0.8660254037844389,-0.4999999999999998,0.),(-0.8660254037844389,-0.4999999999999998,0.),(-0.4999999999999998,-0.8660254037844389,0.),(-0.8660254037844389,-0.4999999999999998,0.),(-1.,0.,0.),(-1.,0.,0.),(-0.8660254037844389,-0.4999999999999998,0.)),$,((1,2,3),(2,1,4),(4,1,5),(4,5,6),(6,5,7),(6,7,8),(8,7,9),(8,9,10),(10,9,11),(11,9,12),(11,12,13),(13,12,14),(2,15,3),(15,2,16),(15,16,17),(17,16,18),(17,18,19),(19,18,20),(19,20,21),(19,21,22),(22,21,23),(22,23,24),(24,23,13),(24,13,14),(25,26,27),(26,25,28),(28,25,29),(28,29,30),(30,29,31),(30,31,32),(32,31,33),(32,33,34),(34,33,35),(35,33,36),(35,36,37),(37,36,38),(26,39,27),(39,26,40),(39,40,41),(41,40,42),(41,42,43),(43,42,44),(43,44,45),(43,45,46),(46,45,47),(46,47,48),(48,47,37),(48,37,38),(49,50,51),(50,49,52),(53,54,55),(54,53,56),(57,58,59),(58,57,60),(61,62,63),(62,61,64),(65,66,67),(66,65,68),(69,70,71),(70,69,72),(73,74,75),(74,73,76),(77,78,79),(78,77,80),(81,82,83),(82,81,84),(85,86,87),(86,85,88),(89,90,91),(90,89,92),(93,94,95),(94,93,96),(97,98,99),(98,97,100),(101,102,103),(102,101,104),(105,106,107),(106,105,108),(109,110,111),(110,109,112),(113,114,115),(114,113,116),(117,118,119),(118,117,120),(121,122,123),(122,121,124),(125,126,127),(126,125,128),(129,130,131),(130,129,132),(133,134,135),(134,133,136),(137,138,139),(138,137,140),(141,142,143),(142,141,144)),$);
#91=IFCCARTESIANPOINTLIST3D(((-86.603,50.,0.),(-90.,0.,0.),(-100.,0.,0.),(-77.942,45.,0.),(-50.,86.603,0.),(-45.,77.942,0.),(0.,100.,0.),(0.,90.,0.),(50.,86.603,0.),(45.,77.942,0.),(77.942,45.,0.),(86.603,50.,0.),(90.,0.,0.),(100.,0.,0.),(-86.603,-50.,0.),(-77.942,-45.,0.),(-50.,-86.603,0.),(-45.,-77.942,0.),(0.,-100.,0.),(0.,-90.,0.),(45.,-77.942,0.),(50.,-86.603,0.),(77.942,-45.,0.),(86.603,-50.,0.),(-86.603,-50.,3800.),(-90.,0.,3800.),(-100.,0.,3800.),(-77.942,-45.,3800.),(-50.,-86.603,3800.),(-45.,-77.942,3800.),(0.,-100.,3800.),(0.,-90.,3800.),(50.,-86.603,3800.),(45.,-77.942,3800.),(77.942,-45.,3800.),(86.603,-50.,3800.),(90.,0.,3800.),(100.,0.,3800.),(-86.603,50.,3800.),(-77.942,45.,3800.),(-50.,86.603,3800.),(-45.,77.942,3800.),(0.,100.,3800.),(0.,90.,3800.),(45.,77.942,3800.),(50.,86.603,3800.),(77.942,45.,3800.),(86.603,50.,3800.),(-100.,0.,3800.),(-86.603,-50.,0.),(-86.603,-50.,3800.),(-100.,0.,0.),(-86.603,-50.,3800.),(-50.,-86.603,0.),(-50.,-86.603,3800.),(-86.603,-50.,0.),(0.,-100.,3800.),(-50.,-86.603,0.),(0.,-100.,0.),(-50.,-86.603,3800.),(50.,-86.603,3800.),(0.,-100.,0.),(50.,-86.603,0.),(0.,-100.,3800.),(86.603,-50.,0.),(50.,-86.603,3800.),(50.,-86.603,0.),(86.603,-50.,3800.),(100.,0.,0.),(86.603,-50.,3800.),(86.603,-50.,0.),(100.,0.,3800.),(86.603,50.,0.),(100.,0.,3800.),(100.,0.,0.),(86.603,50.,3800.),(50.,86.603,0.),(86.603,50.,3800.),(86.603,50.,0.),(50.,86.603,3800.),(0.,100.,3800.),(50.,86.603,0.),(0.,100.,0.),(50.,86.603,3800.),(-50.,86.603,3800.),(0.,100.,0.),(-50.,86.603,0.),(0.,100.,3800.),(-86.603,50.,3800.),(-50.,86.603,0.),(-86.603,50.,0.),(-50.,86.603,3800.),(-86.603,50.,3800.),(-100.,0.,0.),(-100.,0.,3800.),(-86.603,50.,0.),(90.,0.,3800.),(77.942,-45.,0.),(77.942,-45.,3800.),(90.,0.,0.),(77.942,-45.,3800.),(45.,-77.942,0.),(45.,-77.942,3800.),(77.942,-45.,0.),(0.,-90.,3800.),(45.,-77.942,0.),(0.,-90.,0.),(45.,-77.942,3800.),(-45.,-77.942,3800.),(0.,-90.,0.),(-45.,-77.942,0.),(0.,-90.,3800.),(-77.942,-45.,0.),(-45.,-77.942,3800.),(-45.,-77.942,0.),(-77.942,-45.,3800.),(-90.,0.,0.),(-77.942,-45.,3800.),(-77.942,-45.,0.),(-90.,0.,3800.),(-77.942,45.,0.),(-90.,0.,3800.),(-90.,0.,0.),(-77.942,45.,3800.),(-45.,77.942,0.),(-77.942,45.,3800.),(-77.942,45.,0.),(-45.,77.942,3800.),(0.,90.,3800.),(-45.,77.942,0.),(0.,90.,0.),(-45.,77.942,3800.),(45.,77.942,3800.),(0.,90.,0.),(45.,77.942,0.),(0.,90.,3800.),(45.,77.942,3800.),(77.942,45.,0.),(77.942,45.,3800.),(45.,77.942,0.),(77.942,45.,3800.),(90.,0.,0.),(90.,0.,3800.),(77.942,45.,0.)));
#92=IFCSTYLEDITEM(#90,(#95),$);
#93=IFCSURFACESTYLERENDERING(#94,0.,$,$,$,$,$,$,.NOTDEFINED.);
#94=IFCCOLOURRGB($,0.6,0.6,0.6);
#95=IFCSURFACESTYLE('metal_steel-galvanized',.BOTH.,(#93));
#96=IFCPRODUCTDEFINITIONSHAPE($,$,(#89));
#97=IFCAIRTERMINALTYPE('1lalbrERnBquz_FkWP_uwT',#1,'house fireplace cap','A hidden concrete cap, secretly keeping the fireplace safe and sound.',$,$,$,'879861','fireplace cap',.USERDEFINED.);
#98=IFCRELDEFINESBYTYPE('0W6NPPbBzBUfbjCWGdu$kz',#1,$,$,(#99),#97);
#99=IFCAIRTERMINAL('34Y6EIt3nDCAS1k$kPGOKm',#1,'house fireplace cap','A hidden concrete cap, secretly keeping the fireplace safe and sound.','fireplace cap',#102,#114,'454425.1027891.979946.932083.2023772.884510.880034',$);
#100=IFCRELASSOCIATESMATERIAL('2VydWQfLvDSPW7gidaXJGH',#1,$,$,(#99),#101);
#101=IFCMATERIAL('concrete_reinforced_prefab',$,$);
#102=IFCLOCALPLACEMENT(#47,#103);
#103=IFCAXIS2PLACEMENT3D(#104,#105,#106);
#104=IFCCARTESIANPOINT((4750.,5236.038,700.));
#105=IFCDIRECTION((0.,0.,1.));
#106=IFCDIRECTION((-1.3173934614068503E-15,-1.,0.));
#107=IFCSHAPEREPRESENTATION(#12,'Body','Tessellation',(#108));
#108=IFCTRIANGULATEDFACESET(#109,((2.9678801079225556E-28,-1.2031856992204666E-14,-1.),(2.9678801079225556E-28,-1.2031856992204666E-14,-1.),(2.9678801079225556E-28,-1.2031856992204666E-14,-1.),(2.9678801079225556E-28,-1.2031856992204666E-14,-1.),(2.9678801079225556E-28,-1.2031856992204666E-14,-1.),(2.9678801079225556E-28,-1.2031856992204666E-14,-1.),(2.9678801079225556E-28,-1.2031856992204666E-14,-1.),(2.9678801079225556E-28,-1.2031856992204666E-14,-1.),(1.2595414133360666E-14,-0.9544799780350253,-0.29827499313596134),(1.2595414133360666E-14,-0.9544799780350253,-0.29827499313596134),(1.2595414133360666E-14,-0.9544799780350253,-0.29827499313596134),(1.2595414133360666E-14,-0.9544799780350253,-0.29827499313596134),(8.483193464818537E-15,-0.9796132889203113,-0.20089251895162963),(8.483193464818528E-15,-0.9796132889203114,-0.2008925189516294),(1.4709046270830545E-14,-8.651185486381191E-15,-1.),(1.4709046270830545E-14,-8.651185486381191E-15,-1.),(1.4709046270830545E-14,-8.651185486381191E-15,-1.),(1.4709046270830545E-14,-8.651185486381191E-15,-1.),(1.4709046270830545E-14,-8.651185486381191E-15,-1.),(1.4709046270830545E-14,-8.651185486381191E-15,-1.),(1.4709046270830545E-14,-8.651185486381191E-15,-1.),(0.8160244811016613,-0.2720081603672092,-0.5100153006885297),(0.8160244811016613,-0.2720081603672092,-0.5100153006885297),(0.8160244811016613,-0.2720081603672092,-0.5100153006885297),(0.8160244811016613,-0.2720081603672092,-0.5100153006885297),(-0.8160244811016516,-0.27200816036723247,-0.5100153006885327),(-0.8160244811016516,-0.27200816036723247,-0.5100153006885327),(-0.8160244811016516,-0.27200816036723247,-0.5100153006885327),(-0.8160244811016516,-0.27200816036723247,-0.5100153006885327),(-1.8180853632437473E-14,0.9544799780350394,-0.2982749931359164),(-1.8180853632437473E-14,0.9544799780350394,-0.2982749931359164),(-1.8180853632437473E-14,0.9544799780350394,-0.2982749931359164),(-1.224506771495063E-14,0.979613288855854,-0.20089251926594276),(-1.2245067714950645E-14,0.979613288855854,-0.200892519265943),(-1.8180853632437473E-14,0.9544799780350394,-0.2982749931359164),(1.8125419490565118E-14,-0.9701425001453369,0.24253562503631365),(1.8125419490565118E-14,-0.9701425001453369,0.24253562503631365),(1.8125419490565118E-14,-0.9701425001453369,0.24253562503631365),(1.8125419490565118E-14,-0.9701425001453369,0.24253562503631365),(-1.730813629663187E-14,0.9701425001453302,0.2425356250363395),(-1.730813629663187E-14,0.9701425001453302,0.2425356250363395),(-1.730813629663187E-14,0.9701425001453302,0.2425356250363395),(-1.730813629663187E-14,0.9701425001453302,0.2425356250363395),(0.8571428571428575,0.28571428571429286,0.42857142857142305),(0.8571428571428575,0.28571428571429286,0.42857142857142305),(0.8571428571428575,0.28571428571429286,0.42857142857142305),(0.8571428571428575,0.28571428571429286,0.42857142857142305),(-0.8571428571428628,0.2857142857142794,0.42857142857142155),(-0.8571428571428628,0.2857142857142794,0.42857142857142155),(-0.8571428571428628,0.2857142857142794,0.42857142857142155),(-0.8571428571428628,0.2857142857142794,0.42857142857142155),(-1.,0.,0.),(-0.8660254037844383,0.5000000000000009,0.),(-0.8660254037844372,0.5000000000000028,0.),(-1.,0.,0.),(-0.8660254037844372,-0.5000000000000028,0.),(-1.,0.,0.),(-1.,0.,0.),(-0.866025403784436,-0.5000000000000047,0.),(0.7071067811865476,-0.7071067811865476,0.),(0.8660254037844372,-0.5000000000000028,0.),(0.8660254037844367,-0.5000000000000033,0.),(0.7071067811865476,-0.7071067811865476,0.),(0.8660254037844367,-0.5000000000000033,0.),(1.,0.,0.),(1.,0.,0.),(0.8660254037844372,-0.5000000000000028,0.),(1.,0.,0.),(0.8660254037844372,0.5000000000000028,0.),(0.8660254037844389,0.4999999999999997,0.),(1.,0.,0.),(-0.8660254037844372,0.5000000000000028,0.),(-0.7071067811865476,0.7071067811865476,0.),(-0.7071067811865476,0.7071067811865476,0.),(-0.8660254037844383,0.5000000000000009,0.),(-1.3302482961340333E-14,-8.834153071355775E-15,-1.),(-1.3302482961340333E-14,-8.834153071355775E-15,-1.),(-1.3302482961340333E-14,-8.834153071355775E-15,-1.),(-1.3302482961340333E-14,-8.834153071355775E-15,-1.),(-1.3302482961340333E-14,-8.834153071355775E-15,-1.),(-1.3302482961340333E-14,-8.834153071355775E-15,-1.),(-1.3302482961340333E-14,-8.834153071355775E-15,-1.),(-0.7071067811865476,-0.7071067811865476,0.),(-0.866025403784436,-0.5000000000000047,0.),(-0.8660254037844372,-0.5000000000000028,0.),(-0.7071067811865476,-0.7071067811865476,0.),(0.8660254037844389,0.4999999999999997,0.),(0.7071067811865476,0.7071067811865476,0.),(0.7071067811865476,0.7071067811865476,0.),(0.8660254037844372,0.5000000000000028,0.),(-1.224506771495063E-14,0.979613288855854,-0.20089251926594276),(0.,1.,0.),(-1.2245067714950645E-14,0.979613288855854,-0.200892519265943),(0.,1.,0.),(0.,-1.,0.),(8.483193464818528E-15,-0.9796132889203114,-0.2008925189516294),(8.483193464818537E-15,-0.9796132889203113,-0.20089251895162963),(0.,-1.,0.),(0.,1.62430069394763E-14,1.),(0.,1.62430069394763E-14,1.),(0.,1.62430069394763E-14,1.),(0.,1.62430069394763E-14,1.),(0.,1.62430069394763E-14,1.),(0.,1.62430069394763E-14,1.),(0.,1.62430069394763E-14,1.),(0.,1.62430069394763E-14,1.),(0.,1.62430069394763E-14,1.),(0.,1.62430069394763E-14,1.),(0.,1.62430069394763E-14,1.),(0.,1.62430069394763E-14,1.),(0.,1.62430069394763E-14,1.),(0.,1.62430069394763E-14,1.)),$,((1,2,3),(2,1,4),(4,1,5),(4,5,6),(6,5,7),(7,5,8),(2,8,3),(8,2,7),(9,10,11),(10,9,12),(10,12,13),(10,13,14),(15,16,17),(16,15,18),(16,18,19),(20,18,21),(18,20,19),(22,23,24),(23,22,25),(26,27,28),(27,26,29),(30,31,32),(31,30,33),(31,33,34),(35,31,34),(36,37,38),(37,36,39),(40,41,42),(41,40,43),(44,45,46),(45,44,47),(48,49,50),(49,48,51),(52,53,54),(53,52,55),(56,57,58),(57,56,59),(60,61,62),(61,60,63),(64,65,66),(65,64,67),(68,69,70),(69,68,71),(72,73,74),(73,72,75),(76,77,78),(77,76,79),(77,79,80),(76,81,82),(81,76,78),(83,84,85),(84,83,86),(87,88,89),(88,87,90),(91,92,93),(92,91,94),(95,96,97),(96,95,98),(99,100,101),(100,99,102),(102,99,103),(103,99,104),(103,104,105),(105,104,106),(106,104,107),(107,104,108),(101,109,108),(109,101,110),(110,101,100),(108,109,111),(108,111,112),(108,112,107)),$);
#109=IFCCARTESIANPOINTLIST3D(((100.,300.,0.),(55.497,40.,0.),(0.,0.,0.),(128.83,260.,0.),(472.076,300.,0.),(443.246,260.,0.),(516.579,40.,0.),(572.076,0.,0.),(443.246,260.,0.),(212.164,210.,160.),(128.83,260.,0.),(359.912,210.,160.),(348.98,210.,160.),(223.096,210.,160.),(359.912,210.,160.),(363.98,195.,160.),(348.98,210.,160.),(399.912,90.,160.),(376.038,150.,160.),(363.98,105.,160.),(348.98,90.,160.),(128.83,260.,0.),(172.164,90.,160.),(55.497,40.,0.),(212.164,210.,160.),(399.912,90.,160.),(443.246,260.,0.),(516.579,40.,0.),(359.912,210.,160.),(172.164,90.,160.),(516.579,40.,0.),(55.497,40.,0.),(223.096,90.,160.),(348.98,90.,160.),(399.912,90.,160.),(455.409,50.,200.),(0.,0.,0.),(572.076,0.,0.),(116.667,50.,200.),(183.333,250.,200.),(472.076,300.,0.),(100.,300.,0.),(388.743,250.,200.),(472.076,300.,0.),(455.409,50.,200.),(572.076,0.,0.),(388.743,250.,200.),(116.667,50.,200.),(100.,300.,0.),(0.,0.,0.),(183.333,250.,200.),(376.038,150.,200.),(363.98,105.,160.),(363.98,105.,200.),(376.038,150.,160.),(363.98,195.,200.),(376.038,150.,160.),(376.038,150.,200.),(363.98,195.,160.),(223.096,210.,160.),(208.096,195.,200.),(208.096,195.,160.),(223.096,210.,200.),(208.096,195.,160.),(196.038,150.,200.),(196.038,150.,160.),(208.096,195.,200.),(196.038,150.,160.),(208.096,105.,200.),(208.096,105.,160.),(196.038,150.,200.),(363.98,105.,200.),(348.98,90.,160.),(348.98,90.,200.),(363.98,105.,160.),(172.164,90.,160.),(208.096,195.,160.),(196.038,150.,160.),(212.164,210.,160.),(223.096,210.,160.),(208.096,105.,160.),(223.096,90.,160.),(348.98,210.,200.),(363.98,195.,160.),(363.98,195.,200.),(348.98,210.,160.),(208.096,105.,160.),(223.096,90.,200.),(223.096,90.,160.),(208.096,105.,200.),(223.096,90.,160.),(348.98,90.,200.),(348.98,90.,160.),(223.096,90.,200.),(348.98,210.,200.),(223.096,210.,160.),(348.98,210.,160.),(223.096,210.,200.),(116.667,50.,200.),(196.038,150.,200.),(183.333,250.,200.),(208.096,105.,200.),(223.096,90.,200.),(455.409,50.,200.),(348.98,90.,200.),(363.98,105.,200.),(376.038,150.,200.),(388.743,250.,200.),(223.096,210.,200.),(208.096,195.,200.),(348.98,210.,200.),(363.98,195.,200.)));
#110=IFCSTYLEDITEM(#108,(#113),$);
#111=IFCSURFACESTYLERENDERING(#112,0.,$,$,$,$,$,$,.NOTDEFINED.);
#112=IFCCOLOURRGB($,0.5764705882352941,0.5764705882352941,0.5764705882352941);
#113=IFCSURFACESTYLE('concrete_reinforced_prefab',.BOTH.,(#111));
#114=IFCPRODUCTDEFINITIONSHAPE($,$,(#107));
#115=IFCBUILDINGELEMENTPROXYTYPE('3mjKLn_DjE4Beriey9bTvr',#1,'origin','The local position for coordination of aspect models.',$,$,$,'1028017','origin',.USERDEFINED.);
#116=IFCRELDEFINESBYTYPE('21U96ixejDwQmHCVkbTd2U',#1,$,$,(#117),#115);
#117=IFCBUILDINGELEMENTPROXY('2F44QMqSH3TOkM$SZoqCBe',#1,'origin','The local position for coordination of aspect models.','origin',#121,#133,'454425.1027891.1032757',$);
#118=IFCRELASSOCIATESMATERIAL('1QcTgcyaP1C9MT3_T1ZeJj',#1,$,$,(#117),#119);
#119=IFCMATERIAL('virtual_white',$,$);
#120=IFCRELCONTAINEDINSPATIALSTRUCTURE('115FQVYsL5$wVwIAF5n0xr',#1,$,$,(#117),#28);
#121=IFCLOCALPLACEMENT(#30,#122);
#122=IFCAXIS2PLACEMENT3D(#123,#124,#125);
#123=IFCCARTESIANPOINT((-5800.,-5800.,1300.));
#124=IFCDIRECTION((0.,0.,1.));
#125=IFCDIRECTION((1.,0.,0.));
#126=IFCSHAPEREPRESENTATION(#12,'Body','Tessellation',(#127));
#127=IFCTRIANGULATEDFACESET(#128,((1.,0.,0.),(1.,0.,0.),(1.,0.,0.),(1.,0.,0.),(0.,1.,0.),(0.,1.,0.),(0.,1.,0.),(0.,1.,0.),(0.,0.,-1.),(0.,0.,-1.),(0.,0.,-1.),(0.,0.,-1.),(-1.,0.,0.),(-1.,0.,0.),(-1.,0.,0.),(-1.,0.,0.),(0.,0.,1.),(0.,0.,1.),(0.,0.,1.),(0.,0.,1.),(0.,-1.,0.),(0.,-1.,0.),(0.,-1.,0.),(0.,-1.,0.)),$,((1,2,3),(2,1,4),(5,6,7),(6,5,8),(9,10,11),(10,9,12),(13,14,15),(14,13,16),(17,18,19),(18,17,20),(21,22,23),(22,21,24)),$);
#128=IFCCARTESIANPOINTLIST3D(((1000.,1000.,0.),(1000.,0.,1000.),(1000.,0.,0.),(1000.,1000.,1000.),(0.,1000.,1000.),(1000.,1000.,0.),(0.,1000.,0.),(1000.,1000.,1000.),(1000.,1000.,0.),(0.,0.,0.),(0.,1000.,0.),(1000.,0.,0.),(0.,1000.,1000.),(0.,0.,0.),(0.,0.,1000.),(0.,1000.,0.),(1000.,0.,1000.),(0.,1000.,1000.),(0.,0.,1000.),(1000.,1000.,1000.),(1000.,0.,1000.),(0.,0.,0.),(1000.,0.,0.),(0.,0.,1000.)));
#129=IFCSTYLEDITEM(#127,(#132),$);
#130=IFCSURFACESTYLERENDERING(#131,0.,$,$,$,$,$,$,.NOTDEFINED.);
#131=IFCCOLOURRGB($,1.,1.,1.);
#132=IFCSURFACESTYLE('virtual_white',.BOTH.,(#130));
#133=IFCPRODUCTDEFINITIONSHAPE($,$,(#126));
#134=IFCBUILDINGELEMENTPROXYTYPE('2IpkHFcdnD3xuZl6H52fWn',#1,'geo-reference','The reference point for transforming the local engineering coordinate system into the coordinate reference system of the underlying map.',$,$,$,'1028019','origin',.USERDEFINED.);
#135=IFCRELDEFINESBYTYPE('3530pFWy94WO4ESJ$CWAXG',#1,$,$,(#136),#134);
#136=IFCBUILDINGELEMENTPROXY('3Fit2Fad92zf2f6aWdJtF5',#1,'geo-reference','The reference point for transforming the local engineering coordinate system into the coordinate reference system of the underlying map.','origin',#140,#152,'454425.1032696',$);
#137=IFCRELASSOCIATESMATERIAL('2EBkr99ef9S8X3ZQxjf56M',#1,$,$,(#136),#138);
#138=IFCMATERIAL('virtual_black',$,$);
#139=IFCRELCONTAINEDINSPATIALSTRUCTURE('1yuJpb78fBUxedTGWT6ka6',#1,$,$,(#136),#21);
#140=IFCLOCALPLACEMENT(#23,#141);
#141=IFCAXIS2PLACEMENT3D(#142,#143,#144);
#142=IFCCARTESIANPOINT((0.,0.,0.));
#143=IFCDIRECTION((0.,0.,1.));
#144=IFCDIRECTION((1.,1.487416814333745E-17,0.));
#145=IFCSHAPEREPRESENTATION(#12,'Body','Tessellation',(#146));
#146=IFCTRIANGULATEDFACESET(#147,((-1.,7.21911462561536E-15,-2.8876462805389965E-13),(-1.,7.21911462561536E-15,-2.8876462805389965E-13),(-1.,7.21911462561536E-15,-2.8876462805389965E-13),(-1.,7.21911462561536E-15,-2.8876462805389965E-13),(-3.058371444293475E-33,2.634474752431885E-33,1.),(-3.058371444293475E-33,2.634474752431885E-33,1.),(-3.058371444293475E-33,2.634474752431885E-33,1.),(-3.058371444293475E-33,2.634474752431885E-33,1.),(-3.058371444293475E-33,2.634474752431885E-33,1.),(-3.058371444293475E-33,2.634474752431885E-33,1.),(-3.058371444293475E-33,2.634474752431885E-33,1.),(-3.058371444293475E-33,2.634474752431885E-33,1.),(-3.058371444293475E-33,2.634474752431885E-33,1.),(-3.058371444293475E-33,2.634474752431885E-33,1.),(-3.058371444293475E-33,2.634474752431885E-33,1.),(-3.058371444293475E-33,2.634474752431885E-33,1.),(-3.058371444293475E-33,2.634474752431885E-33,1.),(-3.058371444293475E-33,2.634474752431885E-33,1.),(-3.058371444293475E-33,2.634474752431885E-33,1.),(-3.058371444293475E-33,2.634474752431885E-33,1.),(-3.058371444293475E-33,2.634474752431885E-33,1.),(-3.058371444293475E-33,2.634474752431885E-33,1.),(-0.09801728974624706,0.9951847119559265,-2.8293428708776068E-14),(-0.19509039794774516,0.9807852652994898,-1.421516415386496E-14),(-0.09801728974624706,0.9951847119559265,-2.8293428708776068E-14),(-0.19509039794774516,0.9807852652994898,-1.421516415386496E-14),(-5.775291700492621E-14,1.,6.668325738175412E-26),(-5.775291700492621E-14,1.,6.668325738175412E-26),(-5.775291700492621E-14,1.,6.668325738175412E-26),(-5.775291700492621E-14,1.,6.668325738175412E-26),(-0.9951847119558951,0.09801728974656551,1.7414784486937357E-13),(-0.9807852652994783,0.19509039794780292,8.749523528380382E-14),(-0.9807852652994783,0.19509039794780292,8.749523528380382E-14),(-0.9951847119558951,0.09801728974656551,1.7414784486937357E-13),(0.38268339078040076,-0.9238795497362281,0.),(0.19509039794782512,-0.980785265299474,0.),(0.38268339078040076,-0.9238795497362281,0.),(0.19509039794782512,-0.980785265299474,0.),(0.,0.,-1.),(0.,0.,-1.),(0.,0.,-1.),(0.,0.,-1.),(0.,0.,-1.),(0.,0.,-1.),(0.,0.,-1.),(0.,0.,-1.),(0.,0.,-1.),(0.,0.,-1.),(0.,0.,-1.),(0.,0.,-1.),(0.,0.,-1.),(0.,0.,-1.),(0.,0.,-1.),(0.,0.,-1.),(0.,0.,-1.),(0.,0.,-1.),(0.9807852652994759,-0.1950903979478154,-4.900260093397033E-13),(0.9238795497362351,-0.3826833907803836,0.),(0.9238795497362351,-0.3826833907803836,0.),(0.9807852652994759,-0.1950903979478154,-4.900260093397033E-13),(0.9238795497362351,-0.3826833907803836,0.),(0.8314696223790943,-0.5555702179389808,0.),(0.8314696223790943,-0.5555702179389808,0.),(0.9238795497362351,-0.3826833907803836,0.),(0.9951847119559278,-0.09801728974623324,-9.75332807319653E-13),(0.9807852652994759,-0.1950903979478154,-4.900260093397033E-13),(0.9807852652994759,-0.1950903979478154,-4.900260093397033E-13),(0.9951847119559278,-0.09801728974623324,-9.75332807319653E-13),(0.5555702179389931,-0.8314696223790862,0.),(0.38268339078040076,-0.9238795497362281,0.),(0.5555702179389931,-0.8314696223790862,0.),(0.38268339078040076,-0.9238795497362281,0.),(0.7071067811865249,-0.7071067811865702,0.),(0.5555702179389931,-0.8314696223790862,0.),(0.7071067811865249,-0.7071067811865702,0.),(0.5555702179389931,-0.8314696223790862,0.),(-0.19509039794774516,0.9807852652994898,-1.421516415386496E-14),(-0.38268349542963814,0.9238795063890931,0.),(-0.19509039794774516,0.9807852652994898,-1.421516415386496E-14),(-0.38268349542963814,0.9238795063890931,0.),(0.8314696223790943,-0.5555702179389808,0.),(0.7071067811865249,-0.7071067811865702,0.),(0.7071067811865249,-0.7071067811865702,0.),(0.8314696223790943,-0.5555702179389808,0.),(-0.9807852652994783,0.19509039794780292,8.749523528380382E-14),(-0.9238795063891102,0.38268349542959684,0.),(-0.9238795063891102,0.38268349542959684,0.),(-0.9807852652994783,0.19509039794780292,8.749523528380382E-14),(0.19509039794782512,-0.980785265299474,0.),(0.09801728974630905,-0.9951847119559203,0.),(0.19509039794782512,-0.980785265299474,0.),(0.09801728974630905,-0.9951847119559203,0.),(0.9447142547101878,0.3278947650502742,0.),(0.9769903234900121,0.2132836322995312,0.),(0.9769903234900121,0.2132836322995312,0.),(0.9447142547101878,0.3278947650502742,0.),(0.8957596329165385,0.44453872726369803,0.),(0.9447142547101878,0.3278947650502742,0.),(0.9447142547101878,0.3278947650502742,0.),(0.8957596329165385,0.44453872726369803,0.),(0.36763569523471507,-0.9299698896143292,0.),(0.24649919644888388,-0.9691429957184104,0.),(0.36763569523471507,-0.9299698896143292,0.),(0.24649919644888388,-0.9691429957184104,0.),(0.4866110292734116,-0.8736187418945813,0.),(0.36763569523471507,-0.9299698896143292,0.),(0.4866110292734116,-0.8736187418945813,0.),(0.36763569523471507,-0.9299698896143292,0.),(-0.5218882328493185,-0.8530138758621781,0.),(-0.6371382701240347,-0.7707495214032589,0.),(-0.5218882328493185,-0.8530138758621781,0.),(-0.6371382701240347,-0.7707495214032589,0.),(0.9942464699972969,-0.10711655753390546,0.),(0.9752819685766632,-0.22096398296833067,0.),(0.9752819685766632,-0.22096398296833067,0.),(0.9942464699972969,-0.10711655753390546,0.),(0.9999995436725548,-0.0009553296197073197,0.),(0.9942464699972969,-0.10711655753390546,0.),(0.9942464699972969,-0.10711655753390546,0.),(0.9999995436725548,-0.0009553296197073197,0.),(-0.7284943753270046,0.6850517827996052,0.),(-0.8576732356667385,0.5141951194059969,0.),(-0.8576732356667385,0.5141951194059969,0.),(-0.7284943753270046,0.6850517827996052,0.),(-0.7284943753270046,0.6850517827996052,0.),(-0.5669105664485456,0.8237793452430021,0.),(-0.7284943753270046,0.6850517827996052,0.),(-0.5669105664485456,0.8237793452430021,0.),(-0.3790838524776873,0.9253623251411714,0.),(-0.1834995529945839,0.9830197933158762,0.),(-0.3790838524776873,0.9253623251411714,0.),(-0.1834995529945839,0.9830197933158762,0.),(-0.1834995529945839,0.9830197933158762,0.),(-0.012947889549911789,0.9999161725645823,0.),(-0.1834995529945839,0.9830197933158762,0.),(-0.012947889549911789,0.9999161725645823,0.),(-0.5669105664485456,0.8237793452430021,0.),(-0.3790838524776873,0.9253623251411714,0.),(-0.5669105664485456,0.8237793452430021,0.),(-0.3790838524776873,0.9253623251411714,0.),(0.25678560352314495,0.9664683925629717,0.),(0.38760898056242665,0.9218238867524298,0.),(0.25678560352314495,0.9664683925629717,0.),(0.38760898056242665,0.9218238867524298,0.),(-0.021878265380184617,-0.9997606421058765,0.),(0.18338909196229686,-0.9830404065699663,0.),(-0.021878265380184617,-0.9997606421058765,0.),(0.18338909196229686,-0.9830404065699663,0.),(-0.2724781561229833,-0.9621619689199004,0.),(-0.021878265380184617,-0.9997606421058765,0.),(-0.2724781561229833,-0.9621619689199004,0.),(-0.021878265380184617,-0.9997606421058765,0.),(0.9946569870411934,0.10323506250366385,0.),(0.9999995436725548,-0.0009553296197073197,0.),(0.9999995436725548,-0.0009553296197073197,0.),(0.9946569870411934,0.10323506250366385,0.),(0.817214458947544,-0.5763336950821748,0.),(0.7221689293892913,-0.6917167320693673,0.),(0.7221689293892913,-0.6917167320693673,0.),(0.817214458947544,-0.5763336950821748,0.),(0.8893220941653559,-0.45728132788180387,0.),(0.817214458947544,-0.5763336950821748,0.),(0.817214458947544,-0.5763336950821748,0.),(0.8893220941653559,-0.45728132788180387,0.),(-0.9882486706267435,0.15285471862024486,0.),(-0.9997961495365582,-0.02019057631352784,0.),(-0.9997961495365582,-0.02019057631352784,0.),(-0.9882486706267435,0.15285471862024486,0.),(-0.9447848469584931,0.32769130741845615,0.),(-0.9882486706267435,0.15285471862024486,0.),(-0.9882486706267435,0.15285471862024486,0.),(-0.9447848469584931,0.32769130741845615,0.),(0.38760898056242665,0.9218238867524298,0.),(0.5120817306320317,0.8589367270951357,0.),(0.38760898056242665,0.9218238867524298,0.),(0.5120817306320317,0.8589367270951357,0.),(0.9769903234900121,0.2132836322995312,0.),(0.9946569870411934,0.10323506250366385,0.),(0.9946569870411934,0.10323506250366385,0.),(0.9769903234900121,0.2132836322995312,0.),(0.9453223709696031,0.3261374172713214,0.),(0.8598493850403663,0.5105477793955271,0.),(0.8598493850403663,0.5105477793955271,0.),(0.9453223709696031,0.3261374172713214,0.),(0.8598493850403663,0.5105477793955271,0.),(0.7345761428927619,0.6785262635247017,0.),(0.7345761428927619,0.6785262635247017,0.),(0.8598493850403663,0.5105477793955271,0.),(-0.9997961495365582,-0.02019057631352784,0.),(-0.9746360240228631,-0.22379593534491413,0.),(-0.9746360240228631,-0.22379593534491413,0.),(-0.9997961495365582,-0.02019057631352784,0.),(-0.9746360240228631,-0.22379593534491413,0.),(-0.9088850097664936,-0.41704680675166556,0.),(-0.9088850097664936,-0.41704680675166556,0.),(-0.9746360240228631,-0.22379593534491413,0.),(-0.9088850097664936,-0.41704680675166556,0.),(-0.8301610356462975,-0.5575236810169295,0.),(-0.8301610356462975,-0.5575236810169295,0.),(-0.9088850097664936,-0.41704680675166556,0.),(0.9882991966281712,0.15252769566249838,0.),(0.9453223709696031,0.3261374172713214,0.),(0.9453223709696031,0.3261374172713214,0.),(0.9882991966281712,0.15252769566249838,0.),(-0.8576732356667385,0.5141951194059969,0.),(-0.9447848469584931,0.32769130741845615,0.),(-0.9447848469584931,0.32769130741845615,0.),(-0.8576732356667385,0.5141951194059969,0.),(0.9752819685766632,-0.22096398296833067,0.),(0.9408475861876066,-0.3388300747645555,0.),(0.9408475861876066,-0.3388300747645555,0.),(0.9752819685766632,-0.22096398296833067,0.),(-0.0008875531940973642,-0.9999996061245864,0.),(-0.12780975406149545,-0.991798702745038,0.),(-0.0008875531940973642,-0.9999996061245864,0.),(-0.12780975406149545,-0.991798702745038,0.),(0.12233197847190952,-0.9924892377467619,0.),(-0.0008875531940973642,-0.9999996061245864,0.),(0.12233197847190952,-0.9924892377467619,0.),(-0.0008875531940973642,-0.9999996061245864,0.),(0.24649919644888388,-0.9691429957184104,0.),(0.12233197847190952,-0.9924892377467619,0.),(0.24649919644888388,-0.9691429957184104,0.),(0.12233197847190952,-0.9924892377467619,0.),(0.5120817306320317,0.8589367270951357,0.),(0.6291972681526775,0.7772456482664974,0.),(0.5120817306320317,0.8589367270951357,0.),(0.6291972681526775,0.7772456482664974,0.),(0.7362866814501166,0.6766697294243142,0.),(0.8266452258336311,0.5627234406051209,0.),(0.8266452258336311,0.5627234406051209,0.),(0.7362866814501166,0.6766697294243142,0.),(0.8266452258336311,0.5627234406051209,0.),(0.8957596329165385,0.44453872726369803,0.),(0.8957596329165385,0.44453872726369803,0.),(0.8266452258336311,0.5627234406051209,0.),(-0.012947889549911789,0.9999161725645823,0.),(0.12580746189129235,0.9920546771889498,0.),(-0.012947889549911789,0.9999161725645823,0.),(0.12580746189129235,0.9920546771889498,0.),(0.12580746189129235,0.9920546771889498,0.),(0.25678560352314495,0.9664683925629717,0.),(0.12580746189129235,0.9920546771889498,0.),(0.25678560352314495,0.9664683925629717,0.),(0.9408475861876066,-0.3388300747645555,0.),(0.8893220941653559,-0.45728132788180387,0.),(0.8893220941653559,-0.45728132788180387,0.),(0.9408475861876066,-0.3388300747645555,0.),(0.6291972681526775,0.7772456482664974,0.),(0.7362866814501166,0.6766697294243142,0.),(0.6291972681526775,0.7772456482664974,0.),(0.7362866814501166,0.6766697294243142,0.),(-0.12780975406149545,-0.991798702745038,0.),(-0.26163236387882916,-0.9651676052226247,0.),(-0.12780975406149545,-0.991798702745038,0.),(-0.26163236387882916,-0.9651676052226247,0.),(-0.39586511141738157,-0.9183086700900217,0.),(-0.5218882328493185,-0.8530138758621781,0.),(-0.39586511141738157,-0.9183086700900217,0.),(-0.5218882328493185,-0.8530138758621781,0.),(-0.8301610356462975,-0.5575236810169295,0.),(-0.7414983772070644,-0.6709546606137334,0.),(-0.7414983772070644,-0.6709546606137334,0.),(-0.8301610356462975,-0.5575236810169295,0.),(-0.6371382701240347,-0.7707495214032589,0.),(-0.7414983772070644,-0.6709546606137334,0.),(-0.6371382701240347,-0.7707495214032589,0.),(-0.7414983772070644,-0.6709546606137334,0.),(-0.26163236387882916,-0.9651676052226247,0.),(-0.39586511141738157,-0.9183086700900217,0.),(-0.26163236387882916,-0.9651676052226247,0.),(-0.39586511141738157,-0.9183086700900217,0.),(0.9999861252731272,0.00526775675575694,0.),(0.9882991966281712,0.15252769566249838,0.),(0.9882991966281712,0.15252769566249838,0.),(0.9999861252731272,0.00526775675575694,0.),(0.6078907658149572,-0.7940206652454991,0.),(0.4866110292734116,-0.8736187418945813,0.),(0.6078907658149572,-0.7940206652454991,0.),(0.4866110292734116,-0.8736187418945813,0.),(0.0002958514360789271,0.9999999562359629,0.),(-0.19223371225305855,0.981349173267807,0.),(0.0002958514360789271,0.9999999562359629,0.),(-0.19223371225305855,0.981349173267807,0.),(0.19272392771065497,0.9812530191993186,0.),(0.0002958514360789271,0.9999999562359629,0.),(0.19272392771065497,0.9812530191993186,0.),(0.0002958514360789271,0.9999999562359629,0.),(0.9908086705656648,-0.13527075933807678,0.),(0.9999861252731272,0.00526775675575694,0.),(0.9999861252731272,0.00526775675575694,0.),(0.9908086705656648,-0.13527075933807678,0.),(0.9519163807811555,-0.3063579670916137,0.),(0.9908086705656648,-0.13527075933807678,0.),(0.9908086705656648,-0.13527075933807678,0.),(0.9519163807811555,-0.3063579670916137,0.),(0.7221689293892913,-0.6917167320693673,0.),(0.6078907658149572,-0.7940206652454991,0.),(0.7221689293892913,-0.6917167320693673,0.),(0.6078907658149572,-0.7940206652454991,0.),(0.7345761428927619,0.6785262635247017,0.),(0.578454045877275,0.8157149727743213,0.),(0.7345761428927619,0.6785262635247017,0.),(0.578454045877275,0.8157149727743213,0.),(0.,-1.,0.),(0.,-1.,0.),(0.,-1.,0.),(0.,-1.,0.),(0.,-1.,0.),(0.,-1.,0.),(0.,-1.,0.),(0.,-1.,0.),(0.9643985522083707,-0.2644530818470427,0.),(0.9643985522083707,-0.2644530818470427,0.),(0.9643985522083707,-0.2644530818470427,0.),(0.9643985522083707,-0.2644530818470427,0.),(-0.9625082715910013,0.27125233108473634,0.),(-0.9672095041928837,0.2539798712476175,0.),(-0.9672095041928837,0.2539798712476175,0.),(-0.9625082715910013,0.27125233108473634,0.),(1.,0.,0.),(1.,0.,0.),(1.,0.,0.),(1.,0.,0.),(0.,0.,1.),(0.,0.,1.),(0.,0.,1.),(0.,0.,1.),(0.,0.,1.),(0.,0.,1.),(0.,0.,1.),(0.,0.,1.),(0.,0.,1.),(0.,0.,1.),(0.9769988877805387,0.21324439799345352,0.),(0.9836499297931796,0.18009113142482358,0.),(0.9836499297931796,0.18009113142482358,0.),(0.9769988877805387,0.21324439799345352,0.),(-0.9731576010320436,0.23013970442658913,0.),(-0.9748015785129227,0.22307371545907045,0.),(-0.9748015785129227,0.22307371545907045,0.),(-0.9731576010320436,0.23013970442658913,0.),(0.9668351110436297,-0.25540138616157154,0.),(0.9633571078061799,-0.268222077464389,0.),(0.9633571078061799,-0.268222077464389,0.),(0.9668351110436297,-0.25540138616157154,0.),(0.9701425001453329,-0.24253562503632958,0.),(0.9668351110436297,-0.25540138616157154,0.),(0.9668351110436297,-0.25540138616157154,0.),(0.9701425001453329,-0.24253562503632958,0.),(-0.9649338002855462,-0.2624933543282454,0.),(-0.9638016856477805,-0.2666201619204687,0.),(-0.9638016856477805,-0.2666201619204687,0.),(-0.9649338002855462,-0.2624933543282454,0.),(0.9741171320751483,0.2260438298155657,0.),(0.9767827016489056,0.21423247596819933,0.),(0.9767827016489056,0.21423247596819933,0.),(0.9741171320751483,0.2260438298155657,0.),(0.,0.,-1.),(0.,0.,-1.),(0.,0.,-1.),(0.,0.,-1.),(0.,0.,-1.),(0.,0.,-1.),(0.,0.,-1.),(0.,0.,-1.),(0.,0.,-1.),(0.,0.,-1.),(0.,0.,-1.),(0.,0.,-1.),(0.,0.,-1.),(0.,0.,-1.),(0.,0.,-1.),(0.,0.,-1.),(0.,0.,-1.),(0.,0.,-1.),(0.,0.,-1.),(0.,0.,-1.),(-0.9672095041928837,0.2539798712476175,0.),(-0.9716008047066287,0.2366260262385175,0.),(-0.9716008047066287,0.2366260262385175,0.),(-0.9672095041928837,0.2539798712476175,0.),(0.,0.,1.),(0.,0.,1.),(0.,0.,1.),(0.,0.,1.),(0.,0.,1.),(0.,0.,1.),(0.,0.,1.),(0.,0.,1.),(0.,0.,1.),(0.,0.,1.),(0.,0.,1.),(0.,0.,1.),(0.,0.,1.),(0.,0.,1.),(0.,0.,1.),(0.,0.,1.),(0.,0.,1.),(0.,0.,1.),(0.,0.,1.),(0.,0.,1.),(-0.5361224862120472,-0.8441402014936934,0.),(-0.2724781561229833,-0.9621619689199004,0.),(-0.5361224862120472,-0.8441402014936934,0.),(-0.2724781561229833,-0.9621619689199004,0.),(-0.7584219831189418,-0.6517638341622919,0.),(-0.5361224862120472,-0.8441402014936934,0.),(-0.7584219831189418,-0.6517638341622919,0.),(-0.5361224862120472,-0.8441402014936934,0.),(-0.989607048477485,0.14379808623093912,0.),(-0.9501115102274097,0.31191043287038495,0.),(-0.9501115102274097,0.31191043287038495,0.),(-0.989607048477485,0.14379808623093912,0.),(-0.9501115102274097,0.31191043287038495,0.),(-0.8675425301753608,0.4973630045921526,0.),(-0.8675425301753608,0.4973630045921526,0.),(-0.9501115102274097,0.31191043287038495,0.),(0.5444171631195075,-0.8388146115208698,0.),(0.7089870822585878,-0.7052214667680322,0.),(0.5444171631195075,-0.8388146115208698,0.),(0.7089870822585878,-0.7052214667680322,0.),(0.7089870822585878,-0.7052214667680322,0.),(0.8581695987356767,-0.5133662823032382,0.),(0.8581695987356767,-0.5133662823032382,0.),(0.7089870822585878,-0.7052214667680322,0.),(-0.8675425301753608,0.4973630045921526,0.),(-0.7411781990788633,0.6713083324450941,0.),(-0.7411781990788633,0.6713083324450941,0.),(-0.8675425301753608,0.4973630045921526,0.),(-0.5817421295538566,0.8133732812811987,0.),(-0.7411781990788633,0.6713083324450941,0.),(-0.5817421295538566,0.8133732812811987,0.),(-0.7411781990788633,0.6713083324450941,0.),(0.8581695987356767,-0.5133662823032382,0.),(0.9519163807811555,-0.3063579670916137,0.),(0.9519163807811555,-0.3063579670916137,0.),(0.8581695987356767,-0.5133662823032382,0.),(0.370770082790638,-0.9287246877882721,0.),(0.5444171631195075,-0.8388146115208698,0.),(0.370770082790638,-0.9287246877882721,0.),(0.5444171631195075,-0.8388146115208698,0.),(0.18338909196229686,-0.9830404065699663,0.),(0.370770082790638,-0.9287246877882721,0.),(0.18338909196229686,-0.9830404065699663,0.),(0.370770082790638,-0.9287246877882721,0.),(0.578454045877275,0.8157149727743213,0.),(0.392800811108307,0.9196235766837736,0.),(0.578454045877275,0.8157149727743213,0.),(0.392800811108307,0.9196235766837736,0.),(0.392800811108307,0.9196235766837736,0.),(0.19272392771065497,0.9812530191993186,0.),(0.392800811108307,0.9196235766837736,0.),(0.19272392771065497,0.9812530191993186,0.),(-0.9079682524707186,-0.41903896299183185,0.),(-0.9807060117051631,-0.19548841041185108,0.),(-0.9807060117051631,-0.19548841041185108,0.),(-0.9079682524707186,-0.41903896299183185,0.),(-0.9807060117051631,-0.19548841041185108,0.),(-0.9999291486926968,-0.011903679880554852,0.),(-0.9999291486926968,-0.011903679880554852,0.),(-0.9807060117051631,-0.19548841041185108,0.),(-0.19223371225305855,0.981349173267807,0.),(-0.3935263597020274,0.9193133329935289,0.),(-0.19223371225305855,0.981349173267807,0.),(-0.3935263597020274,0.9193133329935289,0.),(-0.7584219831189418,-0.6517638341622919,0.),(-0.9079682524707186,-0.41903896299183185,0.),(-0.9079682524707186,-0.41903896299183185,0.),(-0.7584219831189418,-0.6517638341622919,0.),(-0.3935263597020274,0.9193133329935289,0.),(-0.5817421295538566,0.8133732812811987,0.),(-0.3935263597020274,0.9193133329935289,0.),(-0.5817421295538566,0.8133732812811987,0.),(-0.9999291486926968,-0.011903679880554852,0.),(-0.989607048477485,0.14379808623093912,0.),(-0.989607048477485,0.14379808623093912,0.),(-0.9999291486926968,-0.011903679880554852,0.),(-0.9714624054277151,0.23719358094307266,0.),(-0.9731576010320436,0.23013970442658913,0.),(-0.9731576010320436,0.23013970442658913,0.),(-0.9714624054277151,0.23719358094307266,0.),(-0.9665515520007026,-0.256472410455848,0.),(-0.9665515520007026,-0.256472410455848,0.),(-0.9665515520007026,-0.256472410455848,0.),(-0.9665515520007026,-0.256472410455848,0.),(-0.9660482448389756,-0.2583617398987992,0.),(-0.9649338002855462,-0.2624933543282454,0.),(-0.9649338002855462,-0.2624933543282454,0.),(-0.9660482448389756,-0.2583617398987992,0.),(0.,1.,0.),(0.,1.,0.),(0.,1.,0.),(0.,1.,0.),(0.,1.,0.),(0.,1.,0.),(0.,1.,0.),(0.,1.,0.),(0.9622060458243664,0.2723224657993486,0.),(0.965807041701975,0.25926194899923066,0.),(0.965807041701975,0.25926194899923066,0.),(0.9622060458243664,0.2723224657993486,0.),(0.965807041701975,0.25926194899923066,0.),(0.9769988877805387,0.21324439799345352,0.),(0.9769988877805387,0.21324439799345352,0.),(0.965807041701975,0.25926194899923066,0.),(0.9767827016489056,0.21423247596819933,0.),(0.9793050618474799,0.20238971278181062,0.),(0.9793050618474799,0.20238971278181062,0.),(0.9767827016489056,0.21423247596819933,0.),(0.,1.,0.),(0.,1.,0.),(0.,1.,0.),(0.,1.,0.),(0.,1.,0.),(0.,1.,0.),(0.,1.,0.),(0.,1.,0.),(-1.,0.,0.),(-1.,0.,0.),(-1.,0.,0.),(-1.,0.,0.),(-1.,0.,0.),(-1.,0.,0.),(-1.,0.,0.),(-1.,0.,0.),(0.,-1.,0.),(0.,-1.,0.),(0.,-1.,0.),(0.,-1.,0.),(0.,1.,0.),(0.,1.,0.),(0.,1.,0.),(0.,1.,0.),(0.8311604628836111,0.5560326293834755,0.),(0.8311604628836111,0.5560326293834755,0.),(0.8311604628836111,0.5560326293834755,0.),(0.8311604628836111,0.5560326293834755,0.),(0.,0.,-1.),(0.,0.,-1.),(0.,0.,-1.),(0.,0.,-1.),(0.,0.,-1.),(0.,0.,-1.),(0.,0.,-1.),(0.,0.,-1.),(0.,0.,-1.),(0.,0.,-1.),(0.,-1.,0.),(0.,-1.,0.),(0.,-1.,0.),(0.,-1.,0.),(-0.8313835216090105,-0.5556990552421339,0.),(-0.8313835216090105,-0.5556990552421339,0.),(-0.8313835216090105,-0.5556990552421339,0.),(-0.8313835216090105,-0.5556990552421339,0.),(1.,0.,0.),(1.,0.,0.),(1.,0.,0.),(1.,0.,0.),(0.9807852652994644,-0.19509039794787292,0.),(0.9951847119559052,-0.09801728974646383,0.),(0.9951847119559052,-0.09801728974646383,0.),(0.9807852652994644,-0.19509039794787292,0.),(-0.8314696169329316,0.5555702260897393,0.),(-0.7071067811865489,0.7071067811865461,0.),(-0.7071067811865489,0.7071067811865461,0.),(-0.8314696169329316,0.5555702260897393,0.),(-0.5555702260896939,0.8314696169329622,0.),(-0.7071067811865489,0.7071067811865461,0.),(-0.5555702260896939,0.8314696169329622,0.),(-0.7071067811865489,0.7071067811865461,0.),(0.,0.,-1.),(0.,0.,-1.),(0.,0.,-1.),(0.,0.,-1.),(0.,0.,-1.),(0.,0.,-1.),(0.,0.,-1.),(0.,0.,-1.),(0.,0.,-1.),(0.,0.,-1.),(0.,0.,-1.),(0.,0.,-1.),(0.,0.,-1.),(0.,0.,-1.),(0.,0.,-1.),(0.,0.,-1.),(0.,0.,-1.),(0.,0.,-1.),(1.8858807962836784E-33,-1.6032830017092906E-33,1.),(1.8858807962836784E-33,-1.6032830017092906E-33,1.),(1.8858807962836784E-33,-1.6032830017092906E-33,1.),(1.8858807962836784E-33,-1.6032830017092906E-33,1.),(1.8858807962836784E-33,-1.6032830017092906E-33,1.),(1.8858807962836784E-33,-1.6032830017092906E-33,1.),(1.8858807962836784E-33,-1.6032830017092906E-33,1.),(1.8858807962836784E-33,-1.6032830017092906E-33,1.),(1.8858807962836784E-33,-1.6032830017092906E-33,1.),(1.8858807962836784E-33,-1.6032830017092906E-33,1.),(1.8858807962836784E-33,-1.6032830017092906E-33,1.),(1.8858807962836784E-33,-1.6032830017092906E-33,1.),(1.8858807962836784E-33,-1.6032830017092906E-33,1.),(1.8858807962836784E-33,-1.6032830017092906E-33,1.),(1.8858807962836784E-33,-1.6032830017092906E-33,1.),(1.8858807962836784E-33,-1.6032830017092906E-33,1.),(1.8858807962836784E-33,-1.6032830017092906E-33,1.),(1.8858807962836784E-33,-1.6032830017092906E-33,1.),(1.,0.,0.),(1.,0.,0.),(1.,0.,0.),(1.,0.,0.),(0.38268349542964936,-0.9238795063890886,0.),(0.555570226089786,-0.8314696169329004,0.),(0.38268349542964936,-0.9238795063890886,0.),(0.555570226089786,-0.8314696169329004,0.),(0.19509039794791153,-0.9807852652994568,0.),(0.38268349542964936,-0.9238795063890886,0.),(0.19509039794791153,-0.9807852652994568,0.),(0.38268349542964936,-0.9238795063890886,0.),(0.09801728974643438,-0.9951847119559081,0.),(0.19509039794791153,-0.9807852652994568,0.),(0.09801728974643438,-0.9951847119559081,0.),(0.19509039794791153,-0.9807852652994568,0.),(-0.38268349542963814,0.9238795063890931,0.),(-0.5555702260896939,0.8314696169329622,0.),(-0.38268349542963814,0.9238795063890931,0.),(-0.5555702260896939,0.8314696169329622,0.),(0.,-1.,0.),(0.,-1.,0.),(0.,-1.,0.),(0.,-1.,0.),(-0.9238795063891102,0.38268349542959684,0.),(-0.8314696169329316,0.5555702260897393,0.),(-0.8314696169329316,0.5555702260897393,0.),(-0.9238795063891102,0.38268349542959684,0.),(-0.19509039794789132,0.9807852652994606,0.),(-0.09801728974637888,0.9951847119559135,0.),(-0.19509039794789132,0.9807852652994606,0.),(-0.09801728974637888,0.9951847119559135,0.),(-0.98078526529947,0.19509039794784488,0.),(-0.9951847119559265,0.09801728974624783,0.),(-0.9951847119559265,0.09801728974624783,0.),(-0.98078526529947,0.19509039794784488,0.),(0.9238795063891059,-0.3826834954296072,0.),(0.9807852652994644,-0.19509039794787292,0.),(0.9807852652994644,-0.19509039794787292,0.),(0.9238795063891059,-0.3826834954296072,0.),(0.7071067811865351,-0.70710678118656,0.),(0.8314696169328859,-0.5555702260898077,0.),(0.8314696169328859,-0.5555702260898077,0.),(0.7071067811865351,-0.70710678118656,0.),(0.8314696169328859,-0.5555702260898077,0.),(0.9238795063891059,-0.3826834954296072,0.),(0.9238795063891059,-0.3826834954296072,0.),(0.8314696169328859,-0.5555702260898077,0.),(-0.9238795497362213,0.3826833907804165,0.),(-0.98078526529947,0.19509039794784488,0.),(-0.98078526529947,0.19509039794784488,0.),(-0.9238795497362213,0.3826833907804165,0.),(-0.7071067811865286,0.7071067811865666,0.),(-0.5555702179389774,0.8314696223790966,0.),(-0.7071067811865286,0.7071067811865666,0.),(-0.5555702179389774,0.8314696223790966,0.),(-0.7071067811865286,0.7071067811865666,0.),(-0.8314696223790744,0.5555702179390106,0.),(-0.8314696223790744,0.5555702179390106,0.),(-0.7071067811865286,0.7071067811865666,0.),(-0.8314696223790744,0.5555702179390106,0.),(-0.9238795497362213,0.3826833907804165,0.),(-0.9238795497362213,0.3826833907804165,0.),(-0.8314696223790744,0.5555702179390106,0.),(-0.3826833907803875,0.9238795497362333,0.),(-0.19509039794789132,0.9807852652994606,0.),(-0.3826833907803875,0.9238795497362333,0.),(-0.19509039794789132,0.9807852652994606,0.),(-0.5555702179389774,0.8314696223790966,0.),(-0.3826833907803875,0.9238795497362333,0.),(-0.5555702179389774,0.8314696223790966,0.),(-0.3826833907803875,0.9238795497362333,0.),(0.555570226089786,-0.8314696169329004,0.),(0.7071067811865351,-0.70710678118656,0.),(0.555570226089786,-0.8314696169329004,0.),(0.7071067811865351,-0.70710678118656,0.),(0.,0.,-1.),(0.,0.,-1.),(0.,0.,-1.),(0.,0.,-1.),(0.,0.,-1.),(0.,0.,-1.),(0.,0.,-1.),(0.,0.,-1.),(0.,0.,-1.),(0.,0.,-1.),(0.,0.,-1.),(0.,0.,-1.),(0.,0.,-1.),(0.,0.,-1.),(0.,0.,-1.),(0.,0.,-1.),(0.,0.,-1.),(0.,0.,-1.),(0.,0.,-1.),(0.,0.,-1.),(0.,0.,-1.),(0.,0.,-1.),(0.,0.,-1.),(0.,0.,-1.),(0.,0.,-1.),(0.,0.,-1.),(0.,0.,-1.),(0.,0.,-1.),(0.,0.,-1.),(0.,0.,-1.),(0.,0.,-1.),(0.,0.,-1.),(0.,0.,-1.),(0.,0.,-1.),(0.,0.,-1.),(0.,0.,-1.),(0.,0.,-1.),(0.,0.,-1.),(0.,0.,-1.),(0.,0.,-1.),(0.,0.,-1.),(0.,0.,-1.),(0.,0.,-1.),(0.,0.,-1.),(0.,0.,-1.),(0.,0.,-1.),(0.,0.,-1.),(0.,0.,-1.),(0.,0.,-1.),(0.,0.,-1.),(0.,0.,-1.),(0.,0.,-1.),(0.,0.,-1.),(0.,0.,-1.),(0.,0.,-1.),(0.,0.,-1.),(0.,0.,-1.),(0.,0.,-1.),(0.,0.,-1.),(0.,0.,-1.),(0.,0.,-1.),(0.,0.,-1.),(0.,0.,-1.),(0.,0.,-1.),(0.,0.,-1.),(0.,0.,-1.),(0.,0.,-1.),(0.,0.,-1.),(0.,0.,-1.),(0.,0.,-1.),(0.,0.,-1.),(0.,0.,-1.),(0.,0.,1.),(0.,0.,1.),(0.,0.,1.),(0.,0.,1.),(0.,0.,1.),(0.,0.,1.),(0.,0.,1.),(0.,0.,1.),(0.,0.,1.),(0.,0.,1.),(0.,0.,1.),(0.,0.,1.),(0.,0.,1.),(0.,0.,1.),(0.,0.,1.),(0.,0.,1.),(0.,0.,1.),(0.,0.,1.),(0.,0.,1.),(0.,0.,1.),(0.,0.,1.),(0.,0.,1.),(0.,0.,1.),(0.,0.,1.),(0.,0.,1.),(0.,0.,1.),(0.,0.,1.),(0.,0.,1.),(0.,0.,1.),(0.,0.,1.),(0.,0.,1.),(0.,0.,1.),(0.,0.,1.),(0.,0.,1.),(0.,0.,1.),(0.,0.,1.),(0.,0.,1.),(0.,0.,1.),(0.,0.,1.),(0.,0.,1.),(0.,0.,1.),(0.,0.,1.),(0.,0.,1.),(0.,0.,1.),(0.,0.,1.),(0.,0.,1.),(0.,0.,1.),(0.,0.,1.),(0.,0.,1.),(0.,0.,1.),(0.,0.,1.),(0.,0.,1.),(0.,0.,1.),(0.,0.,1.),(0.,0.,1.),(0.,0.,1.),(0.,0.,1.),(0.,0.,1.),(0.,0.,1.),(0.,0.,1.),(0.,0.,1.),(0.,0.,1.),(0.,0.,1.),(0.,0.,1.),(0.,0.,1.),(0.,0.,1.),(0.,0.,1.),(0.,0.,1.),(0.,0.,1.),(0.,0.,1.),(0.,0.,1.),(0.,0.,1.),(0.,0.,-1.),(0.,0.,-1.),(0.,0.,-1.),(0.,0.,-1.),(0.,0.,1.),(0.,0.,1.),(0.,0.,1.),(0.,0.,1.),(0.,-1.,0.),(0.,-1.,0.),(0.,-1.,0.),(0.,-1.,0.),(-1.,0.,0.),(-1.,0.,0.),(-1.,0.,0.),(-1.,0.,0.),(0.,1.,0.),(0.,1.,0.),(0.,1.,0.),(0.,1.,0.),(1.,0.,0.),(1.,0.,0.),(1.,0.,0.),(1.,0.,0.),(0.,0.,-1.),(0.,0.,-1.),(0.,0.,-1.),(0.,0.,-1.),(0.,0.,-1.),(0.,0.,-1.),(0.,0.,-1.),(0.,0.,-1.),(0.,0.,-1.),(0.,0.,-1.),(0.,0.,-1.),(0.,0.,-1.),(0.,0.,-1.),(0.,0.,-1.),(0.,0.,-1.),(0.,0.,-1.),(0.,0.,-1.),(0.,0.,-1.),(0.,0.,-1.),(0.,0.,-1.),(0.,0.,-1.),(0.,0.,-1.),(0.,0.,-1.),(0.,0.,-1.),(0.,0.,-1.),(0.,0.,-1.),(0.,0.,-1.),(0.,0.,-1.),(0.,0.,-1.),(0.,0.,-1.),(0.,0.,-1.),(0.,0.,-1.),(0.,0.,-1.),(0.,0.,-1.),(0.,0.,-1.),(0.,0.,-1.),(0.,0.,-1.),(0.,0.,-1.),(0.,0.,-1.),(0.,0.,-1.),(0.,0.,-1.),(0.,0.,-1.),(0.,0.,-1.),(0.,0.,-1.),(0.,0.,-1.),(0.,0.,-1.),(0.,0.,-1.),(0.,0.,-1.),(0.,0.,-1.),(0.,0.,-1.),(0.,0.,-1.),(0.,0.,-1.),(0.,0.,-1.),(0.,0.,-1.),(0.,0.,-1.),(0.,0.,-1.),(0.,0.,-1.),(0.,0.,-1.),(0.,0.,-1.),(0.,0.,-1.),(0.,0.,-1.),(0.,0.,-1.),(0.,0.,-1.),(0.,0.,-1.),(0.,0.,-1.),(0.,0.,-1.),(0.,0.,-1.),(0.,0.,-1.),(0.,0.,-1.),(0.,0.,-1.),(0.,0.,1.),(0.,0.,1.),(0.,0.,1.),(0.,0.,1.),(0.,0.,1.),(0.,0.,1.),(0.,0.,1.),(0.,0.,1.),(0.,0.,1.),(0.,0.,1.),(0.,0.,1.),(0.,0.,1.),(0.,0.,1.),(0.,0.,1.),(0.,0.,1.),(0.,0.,1.),(0.,0.,1.),(0.,0.,1.),(0.,0.,1.),(0.,0.,1.),(0.,0.,1.),(0.,0.,1.),(0.,0.,1.),(0.,0.,1.),(0.,0.,1.),(0.,0.,1.),(0.,0.,1.),(0.,0.,1.),(0.,0.,1.),(0.,0.,1.),(0.,0.,1.),(0.,0.,1.),(0.,0.,1.),(0.,0.,1.),(0.,0.,1.),(0.,0.,1.),(0.,0.,1.),(0.,0.,1.),(0.,0.,1.),(0.,0.,1.),(0.,0.,1.),(0.,0.,1.),(0.,0.,1.),(0.,0.,1.),(0.,0.,1.),(0.,0.,1.),(0.,0.,1.),(0.,0.,1.),(0.,0.,1.),(0.,0.,1.),(0.,0.,1.),(0.,0.,1.),(0.,0.,1.),(0.,0.,1.),(0.,0.,1.),(0.,0.,1.),(0.,0.,1.),(0.,0.,1.),(0.,0.,1.),(0.,0.,1.),(0.,0.,1.),(0.,0.,1.),(0.,0.,1.),(0.,0.,1.),(0.,0.,1.),(0.,0.,1.),(0.,0.,1.),(0.,0.,1.),(0.,0.,1.),(0.,0.,1.),(-0.08709942068020388,0.9961996240298292,0.),(-0.08709942068020388,0.9961996240298292,0.),(-0.08709942068020388,0.9961996240298292,0.),(-0.08709942068020388,0.9961996240298292,0.),(0.9774618285571268,0.21111223013780628,0.),(0.9455208071073157,0.3255616736152011,0.),(0.9455208071073157,0.3255616736152011,0.),(0.9774618285571268,0.21111223013780628,0.),(0.9455208071073157,0.3255616736152011,0.),(0.82228120474033,0.5690813828713708,0.),(0.82228120474033,0.5690813828713708,0.),(0.9455208071073157,0.3255616736152011,0.),(0.82228120474033,0.5690813828713708,0.),(0.618991963670469,0.7853973191394131,0.),(0.618991963670469,0.7853973191394131,0.),(0.82228120474033,0.5690813828713708,0.),(0.618991963670469,0.7853973191394131,0.),(0.3996723632402599,0.9166580616903697,0.),(0.618991963670469,0.7853973191394131,0.),(0.3996723632402599,0.9166580616903697,0.),(0.3996723632402599,0.9166580616903697,0.),(0.19339585438116996,0.9811208098436082,0.),(0.3996723632402599,0.9166580616903697,0.),(0.19339585438116996,0.9811208098436082,0.),(0.19339585438116996,0.9811208098436082,0.),(0.006270084827264089,0.9999803428249272,0.),(0.19339585438116996,0.9811208098436082,0.),(0.006270084827264089,0.9999803428249272,0.),(0.006270084827264089,0.9999803428249272,0.),(-0.1706379345644615,0.9853337989166792,0.),(0.006270084827264089,0.9999803428249272,0.),(-0.1706379345644615,0.9853337989166792,0.),(-0.1706379345644615,0.9853337989166792,0.),(-0.36619292031781997,0.930538954106225,0.),(-0.1706379345644615,0.9853337989166792,0.),(-0.36619292031781997,0.930538954106225,0.),(-0.36619292031781997,0.930538954106225,0.),(-0.5897177588229777,0.8076094135959565,0.),(-0.36619292031781997,0.930538954106225,0.),(-0.5897177588229777,0.8076094135959565,0.),(-0.5897177588229777,0.8076094135959565,0.),(-0.8042639065180913,0.5942723017878747,0.),(-0.5897177588229777,0.8076094135959565,0.),(-0.8042639065180913,0.5942723017878747,0.),(-0.9500076370258789,0.3122266638077316,0.),(-0.8042639065180913,0.5942723017878747,0.),(-0.8042639065180913,0.5942723017878747,0.),(-0.9500076370258789,0.3122266638077316,0.),(-0.999998131781137,0.001932985834453788,0.),(-0.9500076370258789,0.3122266638077316,0.),(-0.9500076370258789,0.3122266638077316,0.),(-0.999998131781137,0.001932985834453788,0.),(-0.9482459825263331,-0.31753670122155864,0.),(-0.999998131781137,0.001932985834453788,0.),(-0.999998131781137,0.001932985834453788,0.),(-0.9482459825263331,-0.31753670122155864,0.),(-0.7856441637606142,-0.6186786305901356,0.),(-0.9482459825263331,-0.31753670122155864,0.),(-0.9482459825263331,-0.31753670122155864,0.),(-0.7856441637606142,-0.6186786305901356,0.),(-0.7856441637606142,-0.6186786305901356,0.),(-0.5602022188465279,-0.8283558860776129,0.),(-0.7856441637606142,-0.6186786305901356,0.),(-0.5602022188465279,-0.8283558860776129,0.),(-0.5602022188465279,-0.8283558860776129,0.),(-0.35572378115320674,-0.9345911360172776,5.525978220010001E-31),(-0.5602022188465279,-0.8283558860776129,0.),(-0.35572378115320674,-0.9345911360172776,5.525978220010001E-31),(-0.35572378115320674,-0.9345911360172776,5.525978220010001E-31),(-0.26435381846863887,-0.964425766278074,1.1000904274438964E-30),(-0.35572378115320674,-0.9345911360172776,5.525978220010001E-31),(-0.31792071801850086,-0.9481173013159294,5.509088677023133E-31),(-0.31792071801850086,-0.9481173013159294,5.509088677023133E-31),(-0.26435381846863887,-0.964425766278074,1.1000904274438964E-30),(-0.31792071801850086,-0.9481173013159294,5.509088677023133E-31),(-0.4669255000030771,-0.8842966569239514,0.),(-0.31792071801850086,-0.9481173013159294,5.509088677023133E-31),(-0.4669255000030771,-0.8842966569239514,0.),(-0.4669255000030771,-0.8842966569239514,0.),(-0.6627300222149948,-0.7488584096175408,0.),(-0.4669255000030771,-0.8842966569239514,0.),(-0.6627300222149948,-0.7488584096175408,0.),(-0.8433903094801822,-0.5373013920277173,0.),(-0.6627300222149948,-0.7488584096175408,0.),(-0.6627300222149948,-0.7488584096175408,0.),(-0.8433903094801822,-0.5373013920277173,0.),(-0.9619276929535128,-0.27330406789715506,0.),(-0.8433903094801822,-0.5373013920277173,0.),(-0.8433903094801822,-0.5373013920277173,0.),(-0.9619276929535128,-0.27330406789715506,0.),(-0.9999804818049974,0.006247880364198881,0.),(-0.9619276929535128,-0.27330406789715506,0.),(-0.9619276929535128,-0.27330406789715506,0.),(-0.9999804818049974,0.006247880364198881,0.),(-0.9572996684082709,0.2890974660307744,0.),(-0.9999804818049974,0.006247880364198881,0.),(-0.9999804818049974,0.006247880364198881,0.),(-0.9572996684082709,0.2890974660307744,0.),(-0.8306807534286091,0.5567490331228951,0.),(-0.9572996684082709,0.2890974660307744,0.),(-0.9572996684082709,0.2890974660307744,0.),(-0.8306807534286091,0.5567490331228951,0.),(-0.6269838321900799,0.779032267734939,0.),(-0.8306807534286091,0.5567490331228951,0.),(-0.8306807534286091,0.5567490331228951,0.),(-0.6269838321900799,0.779032267734939,0.),(-0.6269838321900799,0.779032267734939,0.),(-0.39405829076990984,0.9190854494961267,0.),(-0.6269838321900799,0.779032267734939,0.),(-0.39405829076990984,0.9190854494961267,0.),(-0.39405829076990984,0.9190854494961267,0.),(-0.18580751544945262,0.9825861627371422,0.),(-0.39405829076990984,0.9190854494961267,0.),(-0.18580751544945262,0.9825861627371422,0.),(-0.18580751544945262,0.9825861627371422,0.),(-0.0014495197728581503,0.9999989494456624,0.),(-0.18580751544945262,0.9825861627371422,0.),(-0.0014495197728581503,0.9999989494456624,0.),(-0.0014495197728581503,0.9999989494456624,0.),(0.18439541958058675,0.9828521400687388,0.),(-0.0014495197728581503,0.9999989494456624,0.),(0.18439541958058675,0.9828521400687388,0.),(0.18439541958058675,0.9828521400687388,0.),(0.397653234982458,0.9175357784348174,0.),(0.18439541958058675,0.9828521400687388,0.),(0.397653234982458,0.9175357784348174,0.),(0.397653234982458,0.9175357784348174,0.),(0.6311132446113388,0.7756907067099287,0.),(0.397653234982458,0.9175357784348174,0.),(0.6311132446113388,0.7756907067099287,0.),(0.6311132446113388,0.7756907067099287,0.),(0.8310893844718592,0.5561388630712533,0.),(0.8310893844718592,0.5561388630712533,0.),(0.6311132446113388,0.7756907067099287,0.),(0.8310893844718592,0.5561388630712533,0.),(0.9540840705660083,0.29953895621804594,0.),(0.9540840705660083,0.29953895621804594,0.),(0.8310893844718592,0.5561388630712533,0.),(0.9540840705660083,0.29953895621804594,0.),(0.9862299090912843,0.16538006655518403,0.),(0.9862299090912843,0.16538006655518403,0.),(0.9540840705660083,0.29953895621804594,0.),(0.07505650511901447,-0.9971792822954755,0.),(0.07505650511901447,-0.9971792822954755,0.),(0.07505650511901447,-0.9971792822954755,0.),(0.07505650511901447,-0.9971792822954755,0.),(-0.9176891922159813,-0.3972990642953742,0.),(-0.9655584237881841,-0.2601863375576772,0.),(-0.9655584237881841,-0.2601863375576772,0.),(-0.9176891922159813,-0.3972990642953742,0.),(-0.7878441680336847,-0.6158746356973238,0.),(-0.9176891922159813,-0.3972990642953742,0.),(-0.9176891922159813,-0.3972990642953742,0.),(-0.7878441680336847,-0.6158746356973238,0.),(-0.6319969860598306,-0.7749708443620899,0.),(-0.7878441680336847,-0.6158746356973238,0.),(-0.7878441680336847,-0.6158746356973238,0.),(-0.6319969860598306,-0.7749708443620899,0.),(-0.6319969860598306,-0.7749708443620899,0.),(-0.4492259604736119,-0.8934181755687317,0.),(-0.6319969860598306,-0.7749708443620899,0.),(-0.4492259604736119,-0.8934181755687317,0.),(-0.4492259604736119,-0.8934181755687317,0.),(-0.23786759998517135,-0.9712975882175836,0.),(-0.4492259604736119,-0.8934181755687317,0.),(-0.23786759998517135,-0.9712975882175836,0.),(-0.23786759998517135,-0.9712975882175836,0.),(-0.006729681688991534,-0.9999773554357945,0.),(-0.23786759998517135,-0.9712975882175836,0.),(-0.006729681688991534,-0.9999773554357945,0.),(-0.006729681688991534,-0.9999773554357945,0.),(0.21785673822142915,-0.9759807588326319,0.),(-0.006729681688991534,-0.9999773554357945,0.),(0.21785673822142915,-0.9759807588326319,0.),(0.21785673822142915,-0.9759807588326319,0.),(0.426740401850111,-0.9043741645075924,0.),(0.21785673822142915,-0.9759807588326319,0.),(0.426740401850111,-0.9043741645075924,0.),(0.426740401850111,-0.9043741645075924,0.),(0.6499756897148813,-0.7599550004965191,0.),(0.426740401850111,-0.9043741645075924,0.),(0.6499756897148813,-0.7599550004965191,0.),(0.6499756897148813,-0.7599550004965191,0.),(0.8920265571908663,-0.45198298780619,0.),(0.8920265571908663,-0.45198298780619,0.),(0.6499756897148813,-0.7599550004965191,0.),(0.8920265571908663,-0.45198298780619,0.),(0.9998122896310956,-0.019374867809258792,0.),(0.9998122896310956,-0.019374867809258792,0.),(0.8920265571908663,-0.45198298780619,0.),(0.9998122896310956,-0.019374867809258792,0.),(0.9150023212001752,0.40344857441598614,0.),(0.9150023212001752,0.40344857441598614,0.),(0.9998122896310956,-0.019374867809258792,0.),(0.9150023212001752,0.40344857441598614,0.),(0.6471347723667976,0.7623756202776772,0.),(0.6471347723667976,0.7623756202776772,0.),(0.9150023212001752,0.40344857441598614,0.),(0.6471347723667976,0.7623756202776772,0.),(0.36235316167200854,0.93204087154282,0.),(0.6471347723667976,0.7623756202776772,0.),(0.36235316167200854,0.93204087154282,0.),(0.36235316167200854,0.93204087154282,0.),(0.2550849049142149,0.9669186580498412,0.),(0.36235316167200854,0.93204087154282,0.),(0.2550849049142149,0.9669186580498412,0.),(0.2550849049142149,0.9669186580498412,0.),(0.28595039760148855,0.9582444208611657,0.),(0.2550849049142149,0.9669186580498412,0.),(0.28595039760148855,0.9582444208611657,0.),(0.28595039760148855,0.9582444208611657,0.),(0.42364706687595166,0.9058273360455641,0.),(0.28595039760148855,0.9582444208611657,0.),(0.42364706687595166,0.9058273360455641,0.),(0.42364706687595166,0.9058273360455641,0.),(0.6276382490359698,0.7785051241623668,0.),(0.42364706687595166,0.9058273360455641,0.),(0.6276382490359698,0.7785051241623668,0.),(0.6276382490359698,0.7785051241623668,0.),(0.8269599887954417,0.5622607730683717,0.),(0.8269599887954417,0.5622607730683717,0.),(0.6276382490359698,0.7785051241623668,0.),(0.8269599887954417,0.5622607730683717,0.),(0.9588699203284513,0.2838458664298454,0.),(0.9588699203284513,0.2838458664298454,0.),(0.8269599887954417,0.5622607730683717,0.),(0.9588699203284513,0.2838458664298454,0.),(0.9999875508055405,-0.004989813016214063,0.),(0.9999875508055405,-0.004989813016214063,0.),(0.9588699203284513,0.2838458664298454,0.),(0.9999875508055405,-0.004989813016214063,0.),(0.957401173102709,-0.2887611361342741,0.),(0.957401173102709,-0.2887611361342741,0.),(0.9999875508055405,-0.004989813016214063,0.),(0.957401173102709,-0.2887611361342741,0.),(0.835029876011192,-0.5502046039145194,0.),(0.835029876011192,-0.5502046039145194,0.),(0.957401173102709,-0.2887611361342741,0.),(0.835029876011192,-0.5502046039145194,0.),(0.644888194762835,-0.7642769238015314,0.),(0.644888194762835,-0.7642769238015314,0.),(0.835029876011192,-0.5502046039145194,0.),(0.644888194762835,-0.7642769238015314,0.),(0.42113746186410883,-0.9069968237070384,0.),(0.644888194762835,-0.7642769238015314,0.),(0.42113746186410883,-0.9069968237070384,0.),(0.42113746186410883,-0.9069968237070384,0.),(0.202992057833538,-0.9791803840235496,0.),(0.42113746186410883,-0.9069968237070384,0.),(0.202992057833538,-0.9791803840235496,0.),(0.202992057833538,-0.9791803840235496,0.),(0.008487459676545215,-0.9999639808654306,0.),(0.202992057833538,-0.9791803840235496,0.),(0.008487459676545215,-0.9999639808654306,0.),(0.008487459676545215,-0.9999639808654306,0.),(-0.17916273136199512,-0.9838194527914711,0.),(0.008487459676545215,-0.9999639808654306,0.),(-0.17916273136199512,-0.9838194527914711,0.),(-0.17916273136199512,-0.9838194527914711,0.),(-0.40107835149177207,-0.9160437522109098,0.),(-0.17916273136199512,-0.9838194527914711,0.),(-0.40107835149177207,-0.9160437522109098,0.),(-0.40107835149177207,-0.9160437522109098,0.),(-0.6388336480978726,-0.7693448966867615,0.),(-0.40107835149177207,-0.9160437522109098,0.),(-0.6388336480978726,-0.7693448966867615,0.),(-0.8340779567171348,-0.5516465916858089,0.),(-0.6388336480978726,-0.7693448966867615,0.),(-0.6388336480978726,-0.7693448966867615,0.),(-0.8340779567171348,-0.5516465916858089,0.),(-0.9557741620484655,-0.29410160006459296,0.),(-0.8340779567171348,-0.5516465916858089,0.),(-0.8340779567171348,-0.5516465916858089,0.),(-0.9557741620484655,-0.29410160006459296,0.),(-0.9876333514957574,-0.15678125848856422,0.),(-0.9557741620484655,-0.29410160006459296,0.),(-0.9557741620484655,-0.29410160006459296,0.),(-0.9876333514957574,-0.15678125848856422,0.)),$,((1,2,3),(2,1,4),(5,6,7),(6,5,8),(8,5,9),(9,5,10),(9,10,11),(11,10,12),(12,10,13),(12,13,14),(14,13,15),(15,13,16),(16,13,17),(16,17,18),(18,17,19),(19,17,20),(19,20,21),(19,21,22),(23,24,25),(24,23,26),(27,28,29),(28,27,30),(31,32,33),(32,31,34),(35,36,37),(36,35,38),(39,40,41),(40,39,42),(40,42,43),(40,43,44),(44,43,45),(44,45,46),(44,46,47),(47,46,48),(47,48,49),(47,49,50),(47,50,51),(51,50,52),(51,52,53),(51,53,54),(54,53,55),(55,53,56),(57,58,59),(58,57,60),(61,62,63),(62,61,64),(65,66,67),(66,65,68),(69,70,71),(70,69,72),(73,74,75),(74,73,76),(77,78,79),(78,77,80),(81,82,83),(82,81,84),(85,86,87),(86,85,88),(89,90,91),(90,89,92),(93,94,95),(94,93,96),(97,98,99),(98,97,100),(101,102,103),(102,101,104),(105,106,107),(106,105,108),(109,110,111),(110,109,112),(113,114,115),(114,113,116),(117,118,119),(118,117,120),(121,122,123),(122,121,124),(125,126,127),(126,125,128),(129,130,131),(130,129,132),(133,134,135),(134,133,136),(137,138,139),(138,137,140),(141,142,143),(142,141,144),(145,146,147),(146,145,148),(149,150,151),(150,149,152),(153,154,155),(154,153,156),(157,158,159),(158,157,160),(161,162,163),(162,161,164),(165,166,167),(166,165,168),(169,170,171),(170,169,172),(173,174,175),(174,173,176),(177,178,179),(178,177,180),(181,182,183),(182,181,184),(185,186,187),(186,185,188),(189,190,191),(190,189,192),(193,194,195),(194,193,196),(197,198,199),(198,197,200),(201,202,203),(202,201,204),(205,206,207),(206,205,208),(209,210,211),(210,209,212),(213,214,215),(214,213,216),(217,218,219),(218,217,220),(221,222,223),(222,221,224),(225,226,227),(226,225,228),(229,230,231),(230,229,232),(233,234,235),(234,233,236),(237,238,239),(238,237,240),(241,242,243),(242,241,244),(245,246,247),(246,245,248),(249,250,251),(250,249,252),(253,254,255),(254,253,256),(257,258,259),(258,257,260),(261,262,263),(262,261,264),(265,266,267),(266,265,268),(269,270,271),(270,269,272),(273,274,275),(274,273,276),(277,278,279),(278,277,280),(281,282,283),(282,281,284),(285,286,287),(286,285,288),(289,290,291),(290,289,292),(293,294,295),(294,293,296),(297,298,299),(298,297,300),(301,302,303),(302,301,304),(305,306,307),(306,305,308),(309,310,311),(310,309,312),(313,314,315),(314,313,316),(317,318,319),(318,317,320),(321,322,323),(322,321,324),(325,326,327),(326,325,328),(326,328,329),(329,328,330),(329,330,331),(331,330,332),(331,333,334),(333,331,332),(335,336,337),(336,335,338),(339,340,341),(340,339,342),(343,344,345),(344,343,346),(347,348,349),(348,347,350),(351,352,353),(352,351,354),(355,356,357),(356,355,358),(359,360,361),(360,359,362),(360,362,363),(360,363,364),(364,363,365),(364,365,366),(364,366,367),(367,366,368),(368,366,369),(368,369,370),(370,369,371),(371,369,372),(371,372,373),(371,373,374),(371,374,375),(375,374,376),(375,376,377),(375,377,378),(379,380,381),(380,379,382),(383,384,385),(384,383,386),(386,383,387),(387,383,388),(387,388,389),(389,388,390),(390,388,391),(390,391,392),(390,392,393),(393,392,394),(393,394,395),(393,395,396),(396,395,397),(397,395,398),(398,395,399),(398,399,400),(400,399,401),(401,399,402),(403,404,405),(404,403,406),(407,408,409),(408,407,410),(411,412,413),(412,411,414),(415,416,417),(416,415,418),(419,420,421),(420,419,422),(423,424,425),(424,423,426),(427,428,429),(428,427,430),(431,432,433),(432,431,434),(435,436,437),(436,435,438),(439,440,441),(440,439,442),(443,444,445),(444,443,446),(447,448,449),(448,447,450),(451,452,453),(452,451,454),(455,456,457),(456,455,458),(459,460,461),(460,459,462),(463,464,465),(464,463,466),(467,468,469),(468,467,470),(471,472,473),(472,471,474),(475,476,477),(476,475,478),(479,480,481),(480,479,482),(483,484,485),(484,483,486),(487,488,489),(488,487,490),(491,492,493),(492,491,494),(495,496,497),(496,495,498),(499,500,501),(500,499,502),(503,504,505),(504,503,506),(507,508,509),(508,507,510),(511,512,513),(512,511,514),(515,516,517),(516,515,518),(519,520,521),(520,519,522),(523,524,525),(524,523,526),(527,528,529),(528,527,530),(531,532,533),(532,531,534),(535,536,537),(536,535,538),(539,540,541),(540,539,542),(543,544,545),(544,543,546),(546,543,547),(547,543,540),(547,540,542),(548,544,546),(549,550,551),(550,549,552),(553,554,555),(554,553,556),(557,558,559),(558,557,560),(561,562,563),(562,561,564),(565,566,567),(566,565,568),(569,570,571),(570,569,572),(573,574,575),(574,573,576),(574,576,577),(574,577,578),(574,578,579),(574,579,580),(580,579,581),(581,579,582),(581,582,583),(583,582,584),(584,582,585),(585,582,586),(585,586,587),(587,586,588),(588,586,589),(588,589,590),(591,592,593),(592,591,594),(594,591,595),(595,591,596),(596,591,597),(597,591,598),(597,598,599),(597,599,600),(600,599,601),(600,601,602),(600,602,603),(600,603,604),(604,603,605),(604,605,606),(604,606,607),(607,606,608),(609,610,611),(610,609,612),(613,614,615),(614,613,616),(617,618,619),(618,617,620),(621,622,623),(622,621,624),(625,626,627),(626,625,628),(629,630,631),(630,629,632),(633,634,635),(634,633,636),(637,638,639),(638,637,640),(641,642,643),(642,641,644),(645,646,647),(646,645,648),(649,650,651),(650,649,652),(653,654,655),(654,653,656),(657,658,659),(658,657,660),(661,662,663),(662,661,664),(665,666,667),(666,665,668),(669,670,671),(670,669,672),(673,674,675),(674,673,676),(677,678,679),(678,677,680),(681,682,683),(682,681,684),(685,686,687),(686,685,688),(686,688,689),(689,688,690),(690,688,691),(691,688,692),(691,692,693),(693,692,694),(693,694,695),(695,694,696),(696,694,697),(696,697,698),(698,697,699),(698,699,700),(700,699,701),(700,701,702),(702,701,703),(702,703,704),(704,703,705),(704,705,706),(706,705,707),(706,707,708),(708,707,709),(708,709,710),(710,709,711),(711,709,712),(712,709,713),(712,713,714),(714,713,715),(714,715,716),(716,715,717),(716,717,718),(718,717,719),(718,719,720),(720,719,721),(720,721,722),(723,724,725),(724,723,726),(724,726,727),(727,726,728),(727,728,729),(729,728,685),(729,685,730),(730,685,687),(730,687,731),(730,731,732),(732,731,733),(732,733,734),(732,734,735),(735,734,736),(735,736,737),(737,736,738),(737,738,739),(739,738,740),(739,740,741),(739,741,742),(742,741,743),(742,743,744),(744,743,745),(744,745,746),(746,745,747),(747,745,748),(747,748,749),(749,748,750),(749,750,751),(751,750,752),(751,752,753),(753,752,754),(753,754,755),(753,755,711),(711,755,756),(711,756,710),(757,758,759),(758,757,760),(760,757,761),(760,761,762),(762,761,763),(762,763,764),(764,763,765),(764,765,766),(766,765,767),(767,765,768),(767,768,769),(769,768,770),(770,768,771),(770,771,772),(772,771,773),(772,773,774),(774,773,775),(774,775,776),(776,775,777),(777,775,778),(777,778,779),(779,778,780),(779,780,781),(781,780,782),(781,782,783),(781,783,784),(784,783,785),(784,785,786),(786,785,787),(786,787,788),(788,787,789),(788,789,790),(790,789,791),(791,789,792),(791,792,793),(793,792,794),(764,795,796),(795,764,766),(796,795,797),(796,797,798),(796,798,799),(796,799,800),(800,799,801),(800,801,802),(802,801,803),(802,803,804),(802,804,805),(805,804,806),(805,806,807),(807,806,808),(807,808,809),(809,808,810),(809,810,811),(811,810,812),(811,812,813),(813,812,814),(813,814,815),(815,814,816),(815,816,817),(817,816,794),(817,794,792),(817,792,818),(817,818,819),(819,818,820),(819,820,821),(821,820,822),(821,822,823),(823,822,824),(823,824,825),(825,824,826),(825,826,827),(827,826,828),(829,830,831),(830,829,832),(833,834,835),(834,833,836),(837,838,839),(838,837,840),(841,842,843),(842,841,844),(845,846,847),(846,845,848),(849,850,851),(850,849,852),(853,854,855),(854,853,856),(856,853,857),(857,853,858),(857,858,859),(859,858,860),(860,858,861),(861,858,862),(861,862,863),(861,863,864),(864,863,865),(864,865,866),(866,865,867),(867,865,868),(868,865,869),(868,869,870),(870,869,871),(871,869,872),(872,869,873),(872,873,874),(875,876,877),(876,875,878),(878,875,879),(878,879,880),(880,879,855),(880,855,881),(881,855,854),(881,854,882),(881,882,883),(881,883,884),(884,883,885),(884,885,886),(886,885,887),(886,887,888),(888,887,889),(888,889,890),(888,890,891),(891,890,892),(892,890,893),(892,893,894),(894,893,895),(895,893,896),(896,893,897),(897,893,898),(897,898,899),(899,898,900),(899,900,901),(902,903,904),(903,902,905),(905,902,906),(906,902,907),(906,907,908),(908,907,909),(908,909,910),(908,910,911),(911,910,912),(911,912,913),(911,913,914),(914,913,915),(914,915,916),(914,916,917),(917,916,918),(917,918,919),(919,918,920),(919,920,921),(919,921,896),(896,921,922),(896,922,895),(923,924,925),(924,923,926),(924,926,927),(924,927,928),(928,927,929),(928,929,930),(930,929,931),(931,929,932),(931,932,933),(933,932,934),(934,932,935),(934,935,936),(936,935,937),(937,935,938),(937,938,939),(939,938,940),(939,940,941),(941,940,942),(942,940,943),(942,943,944),(944,943,945),(946,947,948),(947,946,949),(947,949,950),(950,949,951),(950,951,952),(952,951,953),(952,953,954),(954,953,955),(955,953,956),(956,953,957),(956,957,958),(958,957,959),(958,959,960),(960,959,961),(960,961,962),(962,961,963),(963,961,964),(963,964,965),(963,965,966),(966,965,967),(966,967,945),(966,945,943),(966,943,968),(966,968,969),(969,968,970),(969,970,971),(971,970,972),(954,973,952),(973,954,974),(973,974,975),(973,975,976),(976,975,977),(976,977,978),(976,978,979),(976,979,980),(980,979,981),(981,979,982),(981,982,983),(983,982,984),(983,984,985),(983,985,986),(983,986,987),(987,986,988),(987,988,989),(987,989,990),(987,990,991),(991,990,992),(993,994,995),(994,993,996),(997,998,999),(998,997,1000),(1001,1002,1003),(1002,1001,1004),(1005,1006,1007),(1006,1005,1008),(1009,1010,1011),(1010,1009,1012),(1013,1014,1015),(1014,1013,1016),(1017,1018,1019),(1018,1017,1020),(1021,1022,1023),(1022,1021,1024),(1025,1026,1027),(1026,1025,1028),(1029,1030,1031),(1030,1029,1032),(1033,1034,1035),(1034,1033,1036),(1037,1038,1039),(1038,1037,1040),(1041,1042,1043),(1042,1041,1044),(1045,1046,1047),(1046,1045,1048),(1049,1050,1051),(1050,1049,1052),(1053,1054,1055),(1054,1053,1056),(1057,1058,1059),(1058,1057,1060),(1061,1062,1063),(1062,1061,1064),(1064,1061,1065),(1065,1061,1066),(1067,1068,1069),(1068,1067,1070),(1071,1072,1073),(1072,1071,1074),(1075,1076,1077),(1076,1075,1078),(1079,1080,1081),(1080,1079,1082),(1083,1084,1085),(1084,1083,1086),(1087,1088,1089),(1088,1087,1090),(1091,1092,1093),(1092,1091,1094),(1095,1096,1097),(1096,1095,1098),(1099,1100,1101),(1100,1099,1102),(1103,1104,1105),(1104,1103,1106),(1107,1108,1109),(1108,1107,1110),(1111,1112,1113),(1112,1111,1114),(1115,1116,1117),(1116,1115,1118),(1119,1120,1121),(1120,1119,1122),(1123,1124,1125),(1124,1123,1126),(1127,1128,1129),(1128,1127,1130),(1131,1132,1133),(1132,1131,1134),(1135,1136,1137),(1136,1135,1138),(1139,1140,1141),(1140,1139,1142),(1143,1144,1145),(1144,1143,1146),(1147,1148,1149),(1148,1147,1150),(1151,1152,1153),(1152,1151,1154),(1155,1156,1157),(1156,1155,1158),(1159,1160,1161),(1160,1159,1162),(1163,1164,1165),(1164,1163,1166),(1167,1168,1169),(1168,1167,1170),(1171,1172,1173),(1172,1171,1174),(1175,1176,1177),(1176,1175,1178),(1179,1180,1181),(1180,1179,1182),(1183,1184,1185),(1184,1183,1186),(1187,1188,1189),(1188,1187,1190),(1191,1192,1193),(1192,1191,1194),(1195,1196,1197),(1196,1195,1198),(1199,1200,1201),(1200,1199,1202),(1203,1204,1205),(1204,1203,1206),(1207,1208,1209),(1208,1207,1210),(1211,1212,1213),(1212,1211,1214),(1215,1216,1217),(1216,1215,1218),(1219,1220,1221),(1220,1219,1222),(1223,1224,1225),(1224,1223,1226),(1227,1228,1229),(1228,1227,1230),(1231,1232,1233),(1232,1231,1234),(1235,1236,1237),(1236,1235,1238),(1239,1240,1241),(1240,1239,1242),(1243,1244,1245),(1244,1243,1246),(1247,1248,1249),(1248,1247,1250),(1251,1252,1253),(1252,1251,1254),(1255,1256,1257),(1256,1255,1258),(1259,1260,1261),(1260,1259,1262),(1263,1264,1265),(1264,1263,1266),(1267,1268,1269),(1268,1267,1270)),$);
#147=IFCCARTESIANPOINTLIST3D(((0.3,-300.,5.),(0.3,-500.,0.),(0.3,-500.,5.),(0.3,-300.,0.),(97.845,-490.393,5.),(0.3,-300.,5.),(0.3,-500.,5.),(58.827,-294.236,5.),(115.105,-277.164,5.),(191.642,-461.94,5.),(166.971,-249.441,5.),(212.432,-212.132,5.),(278.085,-415.735,5.),(249.741,-166.671,5.),(277.464,-114.805,5.),(294.536,-58.527,5.),(353.853,-353.553,5.),(300.3,0.,5.),(500.3,0.,5.),(416.035,-277.785,5.),(462.24,-191.342,5.),(490.693,-97.545,5.),(0.3,-300.,5.),(58.827,-294.236,0.),(0.3,-300.,0.),(58.827,-294.236,5.),(300.3,0.,5.),(500.3,0.,0.),(300.3,0.,0.),(500.3,0.,5.),(300.3,0.,5.),(294.536,-58.527,0.),(294.536,-58.527,5.),(300.3,0.,0.),(191.642,-461.94,5.),(97.845,-490.393,0.),(191.642,-461.94,0.),(97.845,-490.393,5.),(0.3,-300.,0.),(97.845,-490.393,0.),(0.3,-500.,0.),(58.827,-294.236,0.),(115.105,-277.164,0.),(191.642,-461.94,0.),(166.971,-249.441,0.),(212.432,-212.132,0.),(278.085,-415.735,0.),(249.741,-166.671,0.),(277.464,-114.805,0.),(294.536,-58.527,0.),(353.853,-353.553,0.),(300.3,0.,0.),(500.3,0.,0.),(416.035,-277.785,0.),(462.24,-191.342,0.),(490.693,-97.545,0.),(490.693,-97.545,0.),(462.24,-191.342,5.),(462.24,-191.342,0.),(490.693,-97.545,5.),(462.24,-191.342,0.),(416.035,-277.785,5.),(416.035,-277.785,0.),(462.24,-191.342,5.),(500.3,0.,0.),(490.693,-97.545,5.),(490.693,-97.545,0.),(500.3,0.,5.),(278.085,-415.735,5.),(191.642,-461.94,0.),(278.085,-415.735,0.),(191.642,-461.94,5.),(353.853,-353.553,5.),(278.085,-415.735,0.),(353.853,-353.553,0.),(278.085,-415.735,5.),(58.827,-294.236,5.),(115.105,-277.164,0.),(58.827,-294.236,0.),(115.105,-277.164,5.),(416.035,-277.785,0.),(353.853,-353.553,5.),(353.853,-353.553,0.),(416.035,-277.785,5.),(294.536,-58.527,5.),(277.464,-114.805,0.),(277.464,-114.805,5.),(294.536,-58.527,0.),(97.845,-490.393,5.),(0.3,-500.,0.),(97.845,-490.393,0.),(0.3,-500.,5.),(877.313,53.797,0.),(881.793,37.789,5.),(881.793,37.789,0.),(877.313,53.797,5.),(871.041,68.83,0.),(877.313,53.797,5.),(877.313,53.797,0.),(871.041,68.83,5.),(813.425,-115.375,5.),(798.774,-120.117,0.),(813.425,-115.375,0.),(798.774,-120.117,5.),(827.53,-108.736,5.),(813.425,-115.375,0.),(827.53,-108.736,0.),(813.425,-115.375,5.),(705.8,-107.143,5.),(692.962,-97.994,0.),(705.8,-107.143,0.),(692.962,-97.994,5.),(884.434,-15.353,0.),(881.604,-32.57,5.),(881.604,-32.57,0.),(884.434,-15.353,5.),(885.377,2.85,0.),(884.434,-15.353,5.),(884.434,-15.353,0.),(885.377,2.85,5.),(683.164,95.825,5.),(668.786,76.852,0.),(668.786,76.852,5.),(683.164,95.825,0.),(683.164,95.825,5.),(700.79,110.973,0.),(683.164,95.825,0.),(700.79,110.973,5.),(720.806,121.793,5.),(743.212,128.285,0.),(720.806,121.793,0.),(743.212,128.285,5.),(743.212,128.285,5.),(768.006,130.449,0.),(743.212,128.285,0.),(768.006,130.449,5.),(700.79,110.973,5.),(720.806,121.793,0.),(700.79,110.973,0.),(720.806,121.793,5.),(800.367,126.383,5.),(815.29,121.301,0.),(800.367,126.383,0.),(815.29,121.301,5.),(768.174,102.448,5.),(751.506,100.965,0.),(768.174,102.448,0.),(751.506,100.965,5.),(791.292,99.367,5.),(768.174,102.448,0.),(791.292,99.367,0.),(768.174,102.448,5.),(884.481,20.807,0.),(885.377,2.85,5.),(885.377,2.85,0.),(884.481,20.807,5.),(861.955,-77.91,0.),(852.052,-89.977,5.),(852.052,-89.977,0.),(861.955,-77.91,5.),(870.287,-64.051,0.),(861.955,-77.91,5.),(861.955,-77.91,0.),(870.287,-64.051,5.),(652.354,28.939,5.),(650.3,0.,0.),(650.3,0.,5.),(652.354,28.939,0.),(658.516,54.557,5.),(652.354,28.939,0.),(652.354,28.939,5.),(658.516,54.557,0.),(815.29,121.301,5.),(829.374,114.185,0.),(815.29,121.301,0.),(829.374,114.185,5.),(881.793,37.789,0.),(884.481,20.807,5.),(884.481,20.807,0.),(881.793,37.789,5.),(689.808,-40.22,0.),(697.275,-56.542,5.),(697.275,-56.542,0.),(689.808,-40.22,5.),(697.275,-56.542,0.),(707.728,-70.506,5.),(707.728,-70.506,0.),(697.275,-56.542,5.),(650.3,0.,5.),(653.821,-31.522,0.),(653.821,-31.522,5.),(650.3,0.,0.),(653.821,-31.522,5.),(664.385,-61.368,0.),(664.385,-61.368,5.),(653.821,-31.522,0.),(664.385,-61.368,5.),(672.255,-75.107,0.),(672.255,-75.107,5.),(664.385,-61.368,0.),(685.328,-21.541,0.),(689.808,-40.22,5.),(689.808,-40.22,0.),(685.328,-21.541,5.),(668.786,76.852,5.),(658.516,54.557,0.),(658.516,54.557,5.),(668.786,76.852,0.),(881.604,-32.57,0.),(876.889,-48.803,5.),(876.889,-48.803,0.),(881.604,-32.57,5.),(767.839,-123.91,5.),(750.946,-122.862,0.),(767.839,-123.91,0.),(750.946,-122.862,5.),(783.579,-122.962,5.),(767.839,-123.91,0.),(783.579,-122.962,0.),(767.839,-123.91,5.),(798.774,-120.117,5.),(783.579,-122.962,0.),(798.774,-120.117,0.),(783.579,-122.962,5.),(829.374,114.185,5.),(842.228,105.251,0.),(829.374,114.185,0.),(842.228,105.251,5.),(853.456,94.714,0.),(863.061,82.574,5.),(863.061,82.574,0.),(853.456,94.714,5.),(863.061,82.574,0.),(871.041,68.83,5.),(871.041,68.83,0.),(863.061,82.574,5.),(768.006,130.449,5.),(784.606,129.433,0.),(768.006,130.449,0.),(784.606,129.433,5.),(784.606,129.433,5.),(800.367,126.383,0.),(784.606,129.433,0.),(800.367,126.383,5.),(876.889,-48.803,0.),(870.287,-64.051,5.),(870.287,-64.051,0.),(876.889,-48.803,5.),(842.228,105.251,5.),(853.456,94.714,0.),(842.228,105.251,0.),(853.456,94.714,5.),(750.946,-122.862,5.),(734.975,-119.718,0.),(750.946,-122.862,0.),(734.975,-119.718,5.),(719.926,-114.479,5.),(705.8,-107.143,0.),(719.926,-114.479,0.),(705.8,-107.143,5.),(672.255,-75.107,5.),(681.781,-87.316,0.),(681.781,-87.316,5.),(672.255,-75.107,0.),(692.962,-97.994,5.),(681.781,-87.316,0.),(692.962,-97.994,0.),(681.781,-87.316,5.),(734.975,-119.718,5.),(719.926,-114.479,0.),(734.975,-119.718,0.),(719.926,-114.479,5.),(683.835,-0.503,0.),(685.328,-21.541,5.),(685.328,-21.541,0.),(683.835,-0.503,5.),(840.577,-100.253,5.),(827.53,-108.736,0.),(840.577,-100.253,0.),(827.53,-108.736,5.),(767.671,-96.076,5.),(785.219,-94.463,0.),(767.671,-96.076,0.),(785.219,-94.463,5.),(750.406,-94.478,5.),(767.671,-96.076,0.),(750.406,-94.478,0.),(767.671,-96.076,5.),(685.391,25.261,0.),(683.835,-0.503,5.),(683.835,-0.503,0.),(685.391,25.261,5.),(690.059,47.053,0.),(685.391,25.261,5.),(685.391,25.261,0.),(690.059,47.053,5.),(852.052,-89.977,5.),(840.577,-100.253,0.),(852.052,-89.977,0.),(840.577,-100.253,5.),(707.728,-70.506,5.),(720.434,-81.693,0.),(707.728,-70.506,0.),(720.434,-81.693,5.),(-867.339,-122.904,5.),(-900.538,-122.904,0.),(-867.339,-122.904,0.),(-900.538,-122.904,5.),(-717.104,-122.904,5.),(-748.459,-122.904,0.),(-717.104,-122.904,0.),(-748.459,-122.904,5.),(-649.7,122.904,0.),(-717.104,-122.904,5.),(-717.104,-122.904,0.),(-649.7,122.904,5.),(-826.762,122.904,5.),(-873.543,-43.092,0.),(-873.543,-43.092,5.),(-826.762,122.904,0.),(-64.254,843.159,0.),(-64.254,650.,5.),(-64.254,650.,0.),(-64.254,843.159,5.),(-64.254,650.,5.),(-95.441,895.808,5.),(-95.441,650.,5.),(-64.254,843.159,5.),(-62.074,895.808,5.),(64.854,650.,5.),(67.034,702.817,5.),(98.221,650.,5.),(98.221,895.808,5.),(67.034,895.808,5.),(-740.914,-46.403,0.),(-733.201,-88.531,5.),(-733.201,-88.531,0.),(-740.914,-46.403,5.),(-720.961,-35.044,5.),(-733.201,-88.531,0.),(-733.201,-88.531,5.),(-720.961,-35.044,0.),(-815.193,64.386,0.),(-867.339,-122.904,5.),(-867.339,-122.904,0.),(-815.193,64.386,5.),(-807.983,93.226,0.),(-815.193,64.386,5.),(-815.193,64.386,0.),(-807.983,93.226,5.),(-800.27,64.386,5.),(-748.459,-122.904,0.),(-748.459,-122.904,5.),(-800.27,64.386,0.),(-932.396,122.904,0.),(-895.005,-38.229,5.),(-895.005,-38.229,0.),(-932.396,122.904,5.),(-932.396,122.904,0.),(-900.538,-122.904,0.),(-965.763,122.904,0.),(-895.005,-38.229,0.),(-884.609,-88.531,0.),(-867.339,-122.904,0.),(-873.543,-43.092,0.),(-826.762,122.904,0.),(-815.193,64.386,0.),(-807.983,93.226,0.),(-787.527,122.904,0.),(-800.27,64.386,0.),(-748.459,-122.904,0.),(-752.316,-1.509,0.),(-740.914,-46.403,0.),(-733.201,-88.531,0.),(-717.104,-122.904,0.),(-720.961,-35.044,0.),(-682.396,122.904,0.),(-649.7,122.904,0.),(-873.543,-43.092,5.),(-884.609,-88.531,0.),(-884.609,-88.531,5.),(-873.543,-43.092,0.),(-900.538,-122.904,5.),(-932.396,122.904,5.),(-965.763,122.904,5.),(-895.005,-38.229,5.),(-884.609,-88.531,5.),(-867.339,-122.904,5.),(-873.543,-43.092,5.),(-826.762,122.904,5.),(-815.193,64.386,5.),(-807.983,93.226,5.),(-787.527,122.904,5.),(-800.27,64.386,5.),(-748.459,-122.904,5.),(-752.316,-1.509,5.),(-740.914,-46.403,5.),(-733.201,-88.531,5.),(-717.104,-122.904,5.),(-720.961,-35.044,5.),(-682.396,122.904,5.),(-649.7,122.904,5.),(812.02,90.124,5.),(791.292,99.367,0.),(812.02,90.124,0.),(791.292,99.367,5.),(829.207,75.285,5.),(812.02,90.124,0.),(829.207,75.285,0.),(812.02,90.124,5.),(850.36,-19.356,5.),(845.911,-39.026,0.),(845.911,-39.026,5.),(850.36,-19.356,0.),(845.911,-39.026,5.),(838.497,-55.992,0.),(838.497,-55.992,5.),(845.911,-39.026,0.),(721.786,89.102,5.),(708.734,78.722,0.),(721.786,89.102,0.),(708.734,78.722,5.),(708.734,78.722,0.),(697.84,64.874,5.),(697.84,64.874,0.),(708.734,78.722,5.),(838.497,-55.992,5.),(828.117,-70.255,0.),(828.117,-70.255,5.),(838.497,-55.992,0.),(815.442,-81.552,5.),(828.117,-70.255,0.),(815.442,-81.552,0.),(828.117,-70.255,5.),(697.84,64.874,0.),(690.059,47.053,5.),(690.059,47.053,0.),(697.84,64.874,5.),(736.044,96.517,5.),(721.786,89.102,0.),(736.044,96.517,0.),(721.786,89.102,5.),(751.506,100.965,5.),(736.044,96.517,0.),(751.506,100.965,0.),(736.044,96.517,5.),(720.434,-81.693,5.),(734.66,-89.684,0.),(720.434,-81.693,0.),(734.66,-89.684,5.),(734.66,-89.684,5.),(750.406,-94.478,0.),(734.66,-89.684,0.),(750.406,-94.478,5.),(841.698,55.416,5.),(849.307,31.124,0.),(849.307,31.124,5.),(841.698,55.416,0.),(849.307,31.124,5.),(851.843,3.018,0.),(851.843,3.018,5.),(849.307,31.124,0.),(785.219,-94.463,5.),(801.143,-89.621,0.),(785.219,-94.463,0.),(801.143,-89.621,5.),(829.207,75.285,5.),(841.698,55.416,0.),(841.698,55.416,5.),(829.207,75.285,0.),(801.143,-89.621,5.),(815.442,-81.552,0.),(801.143,-89.621,0.),(815.442,-81.552,5.),(851.843,3.018,5.),(850.36,-19.356,0.),(850.36,-19.356,5.),(851.843,3.018,0.),(-682.396,122.904,5.),(-720.961,-35.044,0.),(-720.961,-35.044,5.),(-682.396,122.904,0.),(-965.763,122.904,5.),(-900.538,-122.904,0.),(-900.538,-122.904,5.),(-965.763,122.904,0.),(-807.983,93.226,5.),(-800.27,64.386,0.),(-800.27,64.386,5.),(-807.983,93.226,0.),(-826.762,122.904,5.),(-787.527,122.904,0.),(-826.762,122.904,0.),(-787.527,122.904,5.),(-682.396,122.904,5.),(-649.7,122.904,0.),(-682.396,122.904,0.),(-649.7,122.904,5.),(-787.527,122.904,0.),(-752.316,-1.509,5.),(-752.316,-1.509,0.),(-787.527,122.904,5.),(-752.316,-1.509,0.),(-740.914,-46.403,5.),(-740.914,-46.403,0.),(-752.316,-1.509,5.),(-895.005,-38.229,0.),(-884.609,-88.531,5.),(-884.609,-88.531,0.),(-895.005,-38.229,5.),(-965.763,122.904,5.),(-932.396,122.904,0.),(-965.763,122.904,0.),(-932.396,122.904,5.),(67.034,895.808,5.),(98.221,895.808,0.),(67.034,895.808,0.),(98.221,895.808,5.),(67.034,895.808,5.),(67.034,702.817,0.),(67.034,702.817,5.),(67.034,895.808,0.),(-95.441,895.808,5.),(-95.441,650.,0.),(-95.441,650.,5.),(-95.441,895.808,0.),(-64.254,650.,5.),(-95.441,650.,0.),(-64.254,650.,0.),(-95.441,650.,5.),(-95.441,895.808,5.),(-62.074,895.808,0.),(-95.441,895.808,0.),(-62.074,895.808,5.),(-62.074,895.808,0.),(67.034,702.817,5.),(67.034,702.817,0.),(-62.074,895.808,5.),(98.221,895.808,0.),(67.034,702.817,0.),(67.034,895.808,0.),(98.221,650.,0.),(-62.074,895.808,0.),(-95.441,650.,0.),(-95.441,895.808,0.),(-64.254,843.159,0.),(64.854,650.,0.),(-64.254,650.,0.),(98.221,650.,5.),(64.854,650.,0.),(98.221,650.,0.),(64.854,650.,5.),(-64.254,843.159,5.),(64.854,650.,0.),(64.854,650.,5.),(-64.254,843.159,0.),(98.221,895.808,0.),(98.221,650.,5.),(98.221,650.,0.),(98.221,895.808,5.),(-293.936,58.527,0.),(-299.7,0.,5.),(-299.7,0.,0.),(-293.936,58.527,5.),(249.741,-166.671,5.),(212.432,-212.132,0.),(212.432,-212.132,5.),(249.741,-166.671,0.),(166.971,-249.441,5.),(212.432,-212.132,0.),(166.971,-249.441,0.),(212.432,-212.132,5.),(-490.093,97.545,0.),(-299.7,0.,0.),(-499.7,0.,0.),(-461.64,191.342,0.),(-415.435,277.785,0.),(-353.253,353.553,0.),(-277.485,415.735,0.),(-293.936,58.527,0.),(-276.864,114.805,0.),(-191.042,461.94,0.),(-249.141,166.671,0.),(-211.832,212.132,0.),(-166.371,249.441,0.),(-97.245,490.393,0.),(-114.505,277.164,0.),(-58.227,294.236,0.),(0.3,500.,0.),(0.3,300.,0.),(-299.7,0.,5.),(-490.093,97.545,5.),(-499.7,0.,5.),(-461.64,191.342,5.),(-415.435,277.785,5.),(-353.253,353.553,5.),(-277.485,415.735,5.),(-293.936,58.527,5.),(-276.864,114.805,5.),(-191.042,461.94,5.),(-249.141,166.671,5.),(-211.832,212.132,5.),(-166.371,249.441,5.),(-97.245,490.393,5.),(-114.505,277.164,5.),(-58.227,294.236,5.),(0.3,500.,5.),(0.3,300.,5.),(0.3,500.,0.),(0.3,300.,5.),(0.3,300.,0.),(0.3,500.,5.),(-114.505,277.164,5.),(-166.371,249.441,0.),(-114.505,277.164,0.),(-166.371,249.441,5.),(-58.227,294.236,5.),(-114.505,277.164,0.),(-58.227,294.236,0.),(-114.505,277.164,5.),(0.3,300.,5.),(-58.227,294.236,0.),(0.3,300.,0.),(-58.227,294.236,5.),(115.105,-277.164,5.),(166.971,-249.441,0.),(115.105,-277.164,0.),(166.971,-249.441,5.),(-299.7,0.,5.),(-499.7,0.,0.),(-299.7,0.,0.),(-499.7,0.,5.),(277.464,-114.805,5.),(249.741,-166.671,0.),(249.741,-166.671,5.),(277.464,-114.805,0.),(-97.245,490.393,5.),(0.3,500.,0.),(-97.245,490.393,0.),(0.3,500.,5.),(-490.093,97.545,5.),(-499.7,0.,0.),(-499.7,0.,5.),(-490.093,97.545,0.),(-276.864,114.805,0.),(-293.936,58.527,5.),(-293.936,58.527,0.),(-276.864,114.805,5.),(-211.832,212.132,0.),(-249.141,166.671,5.),(-249.141,166.671,0.),(-211.832,212.132,5.),(-249.141,166.671,0.),(-276.864,114.805,5.),(-276.864,114.805,0.),(-249.141,166.671,5.),(-461.64,191.342,5.),(-490.093,97.545,0.),(-490.093,97.545,5.),(-461.64,191.342,0.),(-353.253,353.553,5.),(-277.485,415.735,0.),(-353.253,353.553,0.),(-277.485,415.735,5.),(-353.253,353.553,5.),(-415.435,277.785,0.),(-415.435,277.785,5.),(-353.253,353.553,0.),(-415.435,277.785,5.),(-461.64,191.342,0.),(-461.64,191.342,5.),(-415.435,277.785,0.),(-191.042,461.94,5.),(-97.245,490.393,0.),(-191.042,461.94,0.),(-97.245,490.393,5.),(-277.485,415.735,5.),(-191.042,461.94,0.),(-277.485,415.735,0.),(-191.042,461.94,5.),(-166.371,249.441,5.),(-211.832,212.132,0.),(-166.371,249.441,0.),(-211.832,212.132,5.),(683.164,95.825,0.),(685.391,25.261,0.),(683.835,-0.503,0.),(700.79,110.973,0.),(690.059,47.053,0.),(697.84,64.874,0.),(708.734,78.722,0.),(720.806,121.793,0.),(721.786,89.102,0.),(743.212,128.285,0.),(736.044,96.517,0.),(751.506,100.965,0.),(768.006,130.449,0.),(768.174,102.448,0.),(784.606,129.433,0.),(791.292,99.367,0.),(800.367,126.383,0.),(812.02,90.124,0.),(815.29,121.301,0.),(829.207,75.285,0.),(829.374,114.185,0.),(841.698,55.416,0.),(842.228,105.251,0.),(849.307,31.124,0.),(853.456,94.714,0.),(851.843,3.018,0.),(852.052,-89.977,0.),(861.955,-77.91,0.),(863.061,82.574,0.),(870.287,-64.051,0.),(871.041,68.83,0.),(876.889,-48.803,0.),(877.313,53.797,0.),(881.604,-32.57,0.),(881.793,37.789,0.),(884.434,-15.353,0.),(884.481,20.807,0.),(885.377,2.85,0.),(652.354,28.939,0.),(653.821,-31.522,0.),(650.3,0.,0.),(658.516,54.557,0.),(664.385,-61.368,0.),(668.786,76.852,0.),(672.255,-75.107,0.),(681.781,-87.316,0.),(685.328,-21.541,0.),(692.962,-97.994,0.),(689.808,-40.22,0.),(697.275,-56.542,0.),(705.8,-107.143,0.),(707.728,-70.506,0.),(719.926,-114.479,0.),(720.434,-81.693,0.),(734.975,-119.718,0.),(734.66,-89.684,0.),(750.406,-94.478,0.),(750.946,-122.862,0.),(767.671,-96.076,0.),(767.839,-123.91,0.),(785.219,-94.463,0.),(783.579,-122.962,0.),(798.774,-120.117,0.),(801.143,-89.621,0.),(813.425,-115.375,0.),(815.442,-81.552,0.),(827.53,-108.736,0.),(828.117,-70.255,0.),(840.577,-100.253,0.),(838.497,-55.992,0.),(845.911,-39.026,0.),(850.36,-19.356,0.),(653.821,-31.522,5.),(652.354,28.939,5.),(650.3,0.,5.),(658.516,54.557,5.),(664.385,-61.368,5.),(668.786,76.852,5.),(672.255,-75.107,5.),(683.164,95.825,5.),(681.781,-87.316,5.),(683.835,-0.503,5.),(685.328,-21.541,5.),(692.962,-97.994,5.),(689.808,-40.22,5.),(697.275,-56.542,5.),(705.8,-107.143,5.),(707.728,-70.506,5.),(719.926,-114.479,5.),(720.434,-81.693,5.),(734.975,-119.718,5.),(734.66,-89.684,5.),(750.406,-94.478,5.),(750.946,-122.862,5.),(767.671,-96.076,5.),(767.839,-123.91,5.),(785.219,-94.463,5.),(783.579,-122.962,5.),(798.774,-120.117,5.),(801.143,-89.621,5.),(813.425,-115.375,5.),(815.442,-81.552,5.),(827.53,-108.736,5.),(828.117,-70.255,5.),(840.577,-100.253,5.),(838.497,-55.992,5.),(845.911,-39.026,5.),(852.052,-89.977,5.),(850.36,-19.356,5.),(851.843,3.018,5.),(685.391,25.261,5.),(700.79,110.973,5.),(690.059,47.053,5.),(697.84,64.874,5.),(708.734,78.722,5.),(720.806,121.793,5.),(721.786,89.102,5.),(743.212,128.285,5.),(736.044,96.517,5.),(751.506,100.965,5.),(768.006,130.449,5.),(768.174,102.448,5.),(784.606,129.433,5.),(791.292,99.367,5.),(800.367,126.383,5.),(812.02,90.124,5.),(815.29,121.301,5.),(829.207,75.285,5.),(829.374,114.185,5.),(841.698,55.416,5.),(842.228,105.251,5.),(849.307,31.124,5.),(853.456,94.714,5.),(861.955,-77.91,5.),(863.061,82.574,5.),(870.287,-64.051,5.),(871.041,68.83,5.),(876.889,-48.803,5.),(877.313,53.797,5.),(881.604,-32.57,5.),(881.793,37.789,5.),(884.434,-15.353,5.),(884.481,20.807,5.),(885.377,2.85,5.),(0.3,200.,0.),(200.3,0.,0.),(0.3,0.,0.),(200.3,200.,0.),(200.3,0.,100.),(0.3,200.,100.),(0.3,0.,100.),(200.3,200.,100.),(200.3,0.,100.),(0.3,0.,0.),(200.3,0.,0.),(0.3,0.,100.),(0.3,200.,100.),(0.3,0.,0.),(0.3,0.,100.),(0.3,200.,0.),(0.3,200.,100.),(200.3,200.,0.),(0.3,200.,0.),(200.3,200.,100.),(200.3,200.,0.),(200.3,0.,100.),(200.3,0.,0.),(200.3,200.,100.),(-51.846,-658.384,0.),(-61.907,-715.56,0.),(-69.703,-668.716,0.),(-58.532,-701.413,0.),(-48.409,-689.487,0.),(-30.426,-652.096,0.),(-40.659,-684.755,0.),(-30.908,-681.376,0.),(-5.401,-678.672,0.),(-6.742,-650.,0.),(18.975,-652.201,0.),(19.478,-681.648,0.),(41.464,-658.803,0.),(29.323,-685.368,0.),(37.44,-690.577,0.),(43.942,-697.242,0.),(59.929,-669.681,0.),(48.946,-705.332,0.),(54.458,-725.788,0.),(85.645,-723.441,0.),(73.573,-684.708,0.),(82.208,-702.943,0.),(-90.621,-699.736,0.),(-91.103,-733.857,0.),(-93.261,-717.74,0.),(-84.626,-748.34,0.),(-82.698,-682.948,0.),(-73.748,-760.895,0.),(-58.385,-771.227,0.),(-59.517,-727.632,0.),(-52.349,-737.357,0.),(-39.732,-778.668,0.),(-35.393,-746.014,0.),(-10.934,-786.569,0.),(-3.305,-754.879,0.),(32.829,-798.558,0.),(30.125,-763.284,0.),(51.105,-770.557,0.),(46.075,-805.118,0.),(54.961,-813.062,0.),(69.758,-781.77,0.),(59.991,-822.43,0.),(61.668,-833.266,0.),(68.103,-882.981,0.),(81.789,-867.555,0.),(82.795,-795.624,0.),(90.214,-849.635,0.),(90.466,-811.951,0.),(93.023,-830.584,0.),(-71.967,-818.343,0.),(-98.941,-844.396,0.),(-102.651,-821.026,0.),(-89.153,-865.208,0.),(-73.895,-882.29,0.),(-68.341,-835.132,0.),(-53.774,-894.467,0.),(-61.823,-848.608,0.),(-51.658,-859.297,0.),(-28.519,-901.761,0.),(-37.091,-867.723,0.),(-19.276,-873.193,0.),(2.144,-904.192,0.),(0.635,-875.017,0.),(18.157,-873.633,0.),(27.149,-901.782,0.),(33.499,-869.484,0.),(49.512,-894.551,0.),(45.928,-862.923,0.),(54.71,-854.309,0.),(59.929,-844.228,0.),(-98.941,-844.396,5.),(-71.967,-818.343,5.),(-102.651,-821.026,5.),(-89.153,-865.208,5.),(-73.895,-882.29,5.),(-68.341,-835.132,5.),(-53.774,-894.467,5.),(-61.823,-848.608,5.),(-51.658,-859.297,5.),(-28.519,-901.761,5.),(-37.091,-867.723,5.),(-19.276,-873.193,5.),(2.144,-904.192,5.),(0.635,-875.017,5.),(18.157,-873.633,5.),(27.149,-901.782,5.),(33.499,-869.484,5.),(49.512,-894.551,5.),(45.928,-862.923,5.),(54.71,-854.309,5.),(68.103,-882.981,5.),(59.929,-844.228,5.),(61.668,-833.266,5.),(-91.103,-733.857,5.),(-90.621,-699.736,5.),(-93.261,-717.74,5.),(-84.626,-748.34,5.),(-82.698,-682.948,5.),(-73.748,-760.895,5.),(-69.703,-668.716,5.),(-58.385,-771.227,5.),(-61.907,-715.56,5.),(-59.517,-727.632,5.),(-52.349,-737.357,5.),(-39.732,-778.668,5.),(-35.393,-746.014,5.),(-10.934,-786.569,5.),(-3.305,-754.879,5.),(32.829,-798.558,5.),(30.125,-763.284,5.),(51.105,-770.557,5.),(46.075,-805.118,5.),(54.961,-813.062,5.),(69.758,-781.77,5.),(59.991,-822.43,5.),(81.789,-867.555,5.),(82.795,-795.624,5.),(90.214,-849.635,5.),(90.466,-811.951,5.),(93.023,-830.584,5.),(-51.846,-658.384,5.),(-58.532,-701.413,5.),(-48.409,-689.487,5.),(-30.426,-652.096,5.),(-40.659,-684.755,5.),(-30.908,-681.376,5.),(-5.401,-678.672,5.),(-6.742,-650.,5.),(18.975,-652.201,5.),(19.478,-681.648,5.),(41.464,-658.803,5.),(29.323,-685.368,5.),(37.44,-690.577,5.),(43.942,-697.242,5.),(59.929,-669.681,5.),(48.946,-705.332,5.),(54.458,-725.788,5.),(85.645,-723.441,5.),(73.573,-684.708,5.),(82.208,-702.943,5.),(-102.651,-821.026,5.),(-71.967,-818.343,0.),(-102.651,-821.026,0.),(-71.967,-818.343,5.),(-71.967,-818.343,0.),(-68.341,-835.132,5.),(-68.341,-835.132,0.),(-71.967,-818.343,5.),(-68.341,-835.132,0.),(-61.823,-848.608,5.),(-61.823,-848.608,0.),(-68.341,-835.132,5.),(-61.823,-848.608,0.),(-51.658,-859.297,5.),(-51.658,-859.297,0.),(-61.823,-848.608,5.),(-51.658,-859.297,5.),(-37.091,-867.723,0.),(-51.658,-859.297,0.),(-37.091,-867.723,5.),(-37.091,-867.723,5.),(-19.276,-873.193,0.),(-37.091,-867.723,0.),(-19.276,-873.193,5.),(-19.276,-873.193,5.),(0.635,-875.017,0.),(-19.276,-873.193,0.),(0.635,-875.017,5.),(0.635,-875.017,5.),(18.157,-873.633,0.),(0.635,-875.017,0.),(18.157,-873.633,5.),(18.157,-873.633,5.),(33.499,-869.484,0.),(18.157,-873.633,0.),(33.499,-869.484,5.),(33.499,-869.484,5.),(45.928,-862.923,0.),(33.499,-869.484,0.),(45.928,-862.923,5.),(45.928,-862.923,5.),(54.71,-854.309,0.),(45.928,-862.923,0.),(54.71,-854.309,5.),(59.929,-844.228,5.),(54.71,-854.309,0.),(54.71,-854.309,5.),(59.929,-844.228,0.),(61.668,-833.266,5.),(59.929,-844.228,0.),(59.929,-844.228,5.),(61.668,-833.266,0.),(59.991,-822.43,5.),(61.668,-833.266,0.),(61.668,-833.266,5.),(59.991,-822.43,0.),(54.961,-813.062,5.),(59.991,-822.43,0.),(59.991,-822.43,5.),(54.961,-813.062,0.),(54.961,-813.062,5.),(46.075,-805.118,0.),(54.961,-813.062,0.),(46.075,-805.118,5.),(46.075,-805.118,5.),(32.829,-798.558,0.),(46.075,-805.118,0.),(32.829,-798.558,5.),(32.829,-798.558,5.),(-10.934,-786.569,0.),(32.829,-798.558,0.),(-39.732,-778.668,0.),(-39.732,-778.668,5.),(-10.934,-786.569,5.),(-39.732,-778.668,5.),(-58.385,-771.227,0.),(-39.732,-778.668,0.),(-58.385,-771.227,5.),(-58.385,-771.227,5.),(-73.748,-760.895,0.),(-58.385,-771.227,0.),(-73.748,-760.895,5.),(-84.626,-748.34,5.),(-73.748,-760.895,0.),(-73.748,-760.895,5.),(-84.626,-748.34,0.),(-91.103,-733.857,5.),(-84.626,-748.34,0.),(-84.626,-748.34,5.),(-91.103,-733.857,0.),(-93.261,-717.74,5.),(-91.103,-733.857,0.),(-91.103,-733.857,5.),(-93.261,-717.74,0.),(-90.621,-699.736,5.),(-93.261,-717.74,0.),(-93.261,-717.74,5.),(-90.621,-699.736,0.),(-82.698,-682.948,5.),(-90.621,-699.736,0.),(-90.621,-699.736,5.),(-82.698,-682.948,0.),(-69.703,-668.716,5.),(-82.698,-682.948,0.),(-82.698,-682.948,5.),(-69.703,-668.716,0.),(-69.703,-668.716,5.),(-51.846,-658.384,0.),(-69.703,-668.716,0.),(-51.846,-658.384,5.),(-51.846,-658.384,5.),(-30.426,-652.096,0.),(-51.846,-658.384,0.),(-30.426,-652.096,5.),(-30.426,-652.096,5.),(-6.742,-650.,0.),(-30.426,-652.096,0.),(-6.742,-650.,5.),(-6.742,-650.,5.),(18.975,-652.201,0.),(-6.742,-650.,0.),(18.975,-652.201,5.),(18.975,-652.201,5.),(41.464,-658.803,0.),(18.975,-652.201,0.),(41.464,-658.803,5.),(41.464,-658.803,5.),(59.929,-669.681,0.),(41.464,-658.803,0.),(59.929,-669.681,5.),(59.929,-669.681,0.),(73.573,-684.708,5.),(73.573,-684.708,0.),(59.929,-669.681,5.),(73.573,-684.708,0.),(82.208,-702.943,5.),(82.208,-702.943,0.),(73.573,-684.708,5.),(82.208,-702.943,0.),(85.645,-723.441,5.),(85.645,-723.441,0.),(82.208,-702.943,5.),(85.645,-723.441,5.),(54.458,-725.788,0.),(85.645,-723.441,0.),(54.458,-725.788,5.),(48.946,-705.332,5.),(54.458,-725.788,0.),(54.458,-725.788,5.),(48.946,-705.332,0.),(43.942,-697.242,5.),(48.946,-705.332,0.),(48.946,-705.332,5.),(43.942,-697.242,0.),(37.44,-690.577,5.),(43.942,-697.242,0.),(43.942,-697.242,5.),(37.44,-690.577,0.),(37.44,-690.577,5.),(29.323,-685.368,0.),(37.44,-690.577,0.),(29.323,-685.368,5.),(29.323,-685.368,5.),(19.478,-681.648,0.),(29.323,-685.368,0.),(19.478,-681.648,5.),(19.478,-681.648,5.),(-5.401,-678.672,0.),(19.478,-681.648,0.),(-5.401,-678.672,5.),(-5.401,-678.672,5.),(-30.908,-681.376,0.),(-5.401,-678.672,0.),(-30.908,-681.376,5.),(-30.908,-681.376,5.),(-40.659,-684.755,0.),(-30.908,-681.376,0.),(-40.659,-684.755,5.),(-40.659,-684.755,5.),(-48.409,-689.487,0.),(-40.659,-684.755,0.),(-48.409,-689.487,5.),(-48.409,-689.487,0.),(-58.532,-701.413,5.),(-58.532,-701.413,0.),(-48.409,-689.487,5.),(-58.532,-701.413,0.),(-61.907,-715.56,5.),(-61.907,-715.56,0.),(-58.532,-701.413,5.),(-61.907,-715.56,0.),(-59.517,-727.632,5.),(-59.517,-727.632,0.),(-61.907,-715.56,5.),(-59.517,-727.632,0.),(-52.349,-737.357,5.),(-52.349,-737.357,0.),(-59.517,-727.632,5.),(-52.349,-737.357,5.),(-35.393,-746.014,0.),(-52.349,-737.357,0.),(-35.393,-746.014,5.),(-35.393,-746.014,5.),(-3.305,-754.879,0.),(-35.393,-746.014,0.),(-3.305,-754.879,5.),(-3.305,-754.879,5.),(30.125,-763.284,0.),(-3.305,-754.879,0.),(30.125,-763.284,5.),(30.125,-763.284,5.),(51.105,-770.557,0.),(30.125,-763.284,0.),(51.105,-770.557,5.),(51.105,-770.557,5.),(69.758,-781.77,0.),(51.105,-770.557,0.),(69.758,-781.77,5.),(69.758,-781.77,0.),(82.795,-795.624,5.),(82.795,-795.624,0.),(69.758,-781.77,5.),(82.795,-795.624,0.),(90.466,-811.951,5.),(90.466,-811.951,0.),(82.795,-795.624,5.),(90.466,-811.951,0.),(93.023,-830.584,5.),(93.023,-830.584,0.),(90.466,-811.951,5.),(93.023,-830.584,0.),(90.214,-849.635,5.),(90.214,-849.635,0.),(93.023,-830.584,5.),(90.214,-849.635,0.),(81.789,-867.555,5.),(81.789,-867.555,0.),(90.214,-849.635,5.),(81.789,-867.555,0.),(68.103,-882.981,5.),(68.103,-882.981,0.),(81.789,-867.555,5.),(68.103,-882.981,5.),(49.512,-894.551,0.),(68.103,-882.981,0.),(49.512,-894.551,5.),(49.512,-894.551,5.),(27.149,-901.782,0.),(49.512,-894.551,0.),(27.149,-901.782,5.),(27.149,-901.782,5.),(2.144,-904.192,0.),(27.149,-901.782,0.),(2.144,-904.192,5.),(2.144,-904.192,5.),(-28.519,-901.761,0.),(2.144,-904.192,0.),(-28.519,-901.761,5.),(-28.519,-901.761,5.),(-53.774,-894.467,0.),(-28.519,-901.761,0.),(-53.774,-894.467,5.),(-53.774,-894.467,5.),(-73.895,-882.29,0.),(-53.774,-894.467,0.),(-73.895,-882.29,5.),(-89.153,-865.208,5.),(-73.895,-882.29,0.),(-73.895,-882.29,5.),(-89.153,-865.208,0.),(-98.941,-844.396,5.),(-89.153,-865.208,0.),(-89.153,-865.208,5.),(-98.941,-844.396,0.),(-102.651,-821.026,5.),(-98.941,-844.396,0.),(-98.941,-844.396,5.),(-102.651,-821.026,0.)));
#148=IFCSTYLEDITEM(#146,(#151),$);
#149=IFCSURFACESTYLERENDERING(#150,0.,$,$,$,$,$,$,.NOTDEFINED.);
#150=IFCCOLOURRGB($,0.,0.,0.);
#151=IFCSURFACESTYLE('virtual_black',.BOTH.,(#149));
#152=IFCPRODUCTDEFINITIONSHAPE($,$,(#145));
ENDSEC;
END-ISO-10303-21;
